{
    "name": "root",
    "gauges": {
        "MoveToTarget.Policy.Entropy.mean": {
            "value": 0.05061522126197815,
            "min": 0.010073089972138405,
            "max": 0.1726185381412506,
            "count": 996
        },
        "MoveToTarget.Policy.Entropy.sum": {
            "value": 41.50448226928711,
            "min": 4.831530570983887,
            "max": 304.63690185546875,
            "count": 996
        },
        "MoveToTarget.Step.mean": {
            "value": 999912.0,
            "min": 896.0,
            "max": 999912.0,
            "count": 1000
        },
        "MoveToTarget.Step.sum": {
            "value": 999912.0,
            "min": 896.0,
            "max": 999912.0,
            "count": 1000
        },
        "MoveToTarget.Policy.ExtrinsicValueEstimate.mean": {
            "value": 26.864965438842773,
            "min": -9.194842338562012,
            "max": 261.21368408203125,
            "count": 1000
        },
        "MoveToTarget.Policy.ExtrinsicValueEstimate.sum": {
            "value": 214.9197235107422,
            "min": -64.36389923095703,
            "max": 2417.407958984375,
            "count": 1000
        },
        "MoveToTarget.Policy.GailValueEstimate.mean": {
            "value": 6.73928165435791,
            "min": 3.8235769271850586,
            "max": 17.128040313720703,
            "count": 1000
        },
        "MoveToTarget.Policy.GailValueEstimate.sum": {
            "value": 53.91425323486328,
            "min": 27.283824920654297,
            "max": 163.5124969482422,
            "count": 1000
        },
        "MoveToTarget.IsTraining.mean": {
            "value": 1.0,
            "min": 1.0,
            "max": 1.0,
            "count": 1000
        },
        "MoveToTarget.IsTraining.sum": {
            "value": 1.0,
            "min": 1.0,
            "max": 1.0,
            "count": 1000
        },
        "MoveToTarget.Environment.EpisodeLength.mean": {
            "value": 366.0,
            "min": 126.0,
            "max": 3000.0,
            "count": 442
        },
        "MoveToTarget.Environment.EpisodeLength.sum": {
            "value": 366.0,
            "min": 126.0,
            "max": 12000.0,
            "count": 442
        },
        "MoveToTarget.Environment.CumulativeReward.mean": {
            "value": 978.0,
            "min": -265.0,
            "max": 14635.0,
            "count": 447
        },
        "MoveToTarget.Environment.CumulativeReward.sum": {
            "value": 978.0,
            "min": -265.0,
            "max": 20502.0,
            "count": 447
        },
        "MoveToTarget.Policy.ExtrinsicReward.mean": {
            "value": 978.0,
            "min": -265.0,
            "max": 14635.0,
            "count": 447
        },
        "MoveToTarget.Policy.ExtrinsicReward.sum": {
            "value": 978.0,
            "min": -265.0,
            "max": 20502.0,
            "count": 447
        },
        "MoveToTarget.Policy.GailReward.mean": {
            "value": 18.357982099056244,
            "min": 2.3964075446128845,
            "max": 1470.4454231262207,
            "count": 447
        },
        "MoveToTarget.Policy.GailReward.sum": {
            "value": 18.357982099056244,
            "min": 2.3964075446128845,
            "max": 2484.6878600120544,
            "count": 447
        },
        "MoveToTarget.Losses.PolicyLoss.mean": {
            "value": 0.009415004063763869,
            "min": 0.009266421969490088,
            "max": 0.013608582326620914,
            "count": 15
        },
        "MoveToTarget.Losses.PolicyLoss.sum": {
            "value": 0.009415004063763869,
            "min": 0.009266421969490088,
            "max": 0.013608582326620914,
            "count": 15
        },
        "MoveToTarget.Losses.ValueLoss.mean": {
            "value": 930.224505106608,
            "min": 468.34122021993,
            "max": 1360.034812927246,
            "count": 15
        },
        "MoveToTarget.Losses.ValueLoss.sum": {
            "value": 930.224505106608,
            "min": 468.34122021993,
            "max": 1360.034812927246,
            "count": 15
        },
        "MoveToTarget.Policy.LearningRate.mean": {
            "value": 4.885898371400007e-06,
            "min": 4.885898371400007e-06,
            "max": 0.00028033710655429997,
            "count": 15
        },
        "MoveToTarget.Policy.LearningRate.sum": {
            "value": 4.885898371400007e-06,
            "min": 4.885898371400007e-06,
            "max": 0.00028033710655429997,
            "count": 15
        },
        "MoveToTarget.Policy.Epsilon.mean": {
            "value": 0.1016286,
            "min": 0.1016286,
            "max": 0.19344570000000003,
            "count": 15
        },
        "MoveToTarget.Policy.Epsilon.sum": {
            "value": 0.1016286,
            "min": 0.1016286,
            "max": 0.19344570000000003,
            "count": 15
        },
        "MoveToTarget.Policy.Beta.mean": {
            "value": 1.798014000000001e-05,
            "min": 1.798014000000001e-05,
            "max": 0.00046788393,
            "count": 15
        },
        "MoveToTarget.Policy.Beta.sum": {
            "value": 1.798014000000001e-05,
            "min": 1.798014000000001e-05,
            "max": 0.00046788393,
            "count": 15
        },
        "MoveToTarget.Policy.GAILPolicyEstimate.mean": {
            "value": 0.19147487791875997,
            "min": 0.16781350690871477,
            "max": 0.2765815172654887,
            "count": 15
        },
        "MoveToTarget.Policy.GAILPolicyEstimate.sum": {
            "value": 0.19147487791875997,
            "min": 0.16781350690871477,
            "max": 0.2765815172654887,
            "count": 15
        },
        "MoveToTarget.Policy.GAILExpertEstimate.mean": {
            "value": 0.8777175657451153,
            "min": 0.8666038823624452,
            "max": 0.887328427284956,
            "count": 15
        },
        "MoveToTarget.Policy.GAILExpertEstimate.sum": {
            "value": 0.8777175657451153,
            "min": 0.8666038823624452,
            "max": 0.887328427284956,
            "count": 15
        },
        "MoveToTarget.Losses.GAILLoss.mean": {
            "value": 0.3787490427494049,
            "min": 0.3289037092278401,
            "max": 0.5517055361221234,
            "count": 15
        },
        "MoveToTarget.Losses.GAILLoss.sum": {
            "value": 0.3787490427494049,
            "min": 0.3289037092278401,
            "max": 0.5517055361221234,
            "count": 15
        },
        "MoveToTarget.Policy.GAILGradMagLoss.mean": {
            "value": 0.12296180830647548,
            "min": 0.11083455849438906,
            "max": 0.47697114882369834,
            "count": 15
        },
        "MoveToTarget.Policy.GAILGradMagLoss.sum": {
            "value": 0.12296180830647548,
            "min": 0.11083455849438906,
            "max": 0.47697114882369834,
            "count": 15
        },
        "MoveToTarget.Losses.PretrainingLoss.mean": {
            "value": 0.019641637802124023,
            "min": 0.019641637802124023,
            "max": 0.08497059593598048,
            "count": 15
        },
        "MoveToTarget.Losses.PretrainingLoss.sum": {
            "value": 0.019641637802124023,
            "min": 0.019641637802124023,
            "max": 0.08497059593598048,
            "count": 15
        }
    },
    "metadata": {
        "timer_format_version": "0.1.0",
        "start_time_seconds": "1732273690",
        "python_version": "3.10.11 (tags/v3.10.11:7d4cc5a, Apr  5 2023, 00:38:17) [MSC v.1929 64 bit (AMD64)]",
        "command_line_arguments": "C:\\Users\\Kriszti\\Desktop\\TeachAi\\venv\\Scripts\\mlagents-learn config/MoveToGoal.yaml --initialize-from=MoveToGoal64 --run-id=MoveToGoal65",
        "mlagents_version": "1.1.0",
        "mlagents_envs_version": "1.1.0",
        "communication_protocol_version": "1.5.0",