{
    "name": "root",
    "gauges": {
        "MoveToTarget.Policy.Entropy.mean": {
            "value": 0.04075708985328674,
            "min": 0.010275307111442089,
            "max": 0.19925716519355774,
            "count": 994
        },
        "MoveToTarget.Policy.Entropy.sum": {
            "value": 36.68138122558594,
            "min": 6.109321594238281,
            "max": 510.09832763671875,
            "count": 994
        },
        "MoveToTarget.Step.mean": {
            "value": 999896.0,
            "min": 896.0,
            "max": 999896.0,
            "count": 1000
        },
        "MoveToTarget.Step.sum": {
            "value": 999896.0,
            "min": 896.0,
            "max": 999896.0,
            "count": 1000
        },
        "MoveToTarget.Policy.ExtrinsicValueEstimate.mean": {
            "value": 7.420963764190674,
            "min": -7.189957141876221,
            "max": 312.2740783691406,
            "count": 1000
        },
        "MoveToTarget.Policy.ExtrinsicValueEstimate.sum": {
            "value": 59.36771011352539,
            "min": -50.3297004699707,
            "max": 3122.74072265625,
            "count": 1000
        },
        "MoveToTarget.Policy.GailValueEstimate.mean": {
            "value": 10.084176063537598,
            "min": 3.049266815185547,
            "max": 15.266895294189453,
            "count": 1000
        },
        "MoveToTarget.Policy.GailValueEstimate.sum": {
            "value": 80.67340850830078,
            "min": 21.78757667541504,
            "max": 122.13516235351562,
            "count": 1000
        },
        "MoveToTarget.IsTraining.mean": {
            "value": 1.0,
            "min": 1.0,
            "max": 1.0,
            "count": 1000
        },
        "MoveToTarget.IsTraining.sum": {
            "value": 1.0,
            "min": 1.0,
            "max": 1.0,
            "count": 1000
        },
        "MoveToTarget.Environment.EpisodeLength.mean": {
            "value": 2999.0,
            "min": 109.0,
            "max": 3000.0,
            "count": 429
        },
        "MoveToTarget.Environment.EpisodeLength.sum": {
            "value": 2999.0,
            "min": 109.0,
            "max": 9000.0,
            "count": 429
        },
        "MoveToTarget.Environment.CumulativeReward.mean": {
            "value": 0.0,
            "min": -555.0,
            "max": 14567.0,
            "count": 430
        },
        "MoveToTarget.Environment.CumulativeReward.sum": {
            "value": 0.0,
            "min": -555.0,
            "max": 22979.0,
            "count": 430
        },
        "MoveToTarget.Policy.ExtrinsicReward.mean": {
            "value": 0.0,
            "min": -555.0,
            "max": 14567.0,
            "count": 430
        },
        "MoveToTarget.Policy.ExtrinsicReward.sum": {
            "value": 0.0,
            "min": -555.0,
            "max": 22979.0,
            "count": 430
        },
        "MoveToTarget.Policy.GailReward.mean": {
            "value": 170.70034742355347,
            "min": 2.2462342381477356,
            "max": 742.1033296585083,
            "count": 430
        },
        "MoveToTarget.Policy.GailReward.sum": {
            "value": 170.70034742355347,
            "min": 2.2462342381477356,
            "max": 1622.1331219673157,
            "count": 430
        },
        "MoveToTarget.Losses.PolicyLoss.mean": {
            "value": 0.013310279807531819,
            "min": 0.010426273483062687,
            "max": 0.014438682354618019,
            "count": 15
        },
        "MoveToTarget.Losses.PolicyLoss.sum": {
            "value": 0.013310279807531819,
            "min": 0.010426273483062687,
            "max": 0.014438682354618019,
            "count": 15
        },
        "MoveToTarget.Losses.ValueLoss.mean": {
            "value": 478.8391418457031,
            "min": 205.78495693206787,
            "max": 1505.7018788655598,
            "count": 15
        },
        "MoveToTarget.Losses.ValueLoss.sum": {
            "value": 478.8391418457031,
            "min": 205.78495693206787,
            "max": 1505.7018788655598,
            "count": 15
        },
        "MoveToTarget.Policy.LearningRate.mean": {
            "value": 4.727498424200015e-06,
            "min": 4.727498424200015e-06,
            "max": 0.0002803218065594,
            "count": 15
        },
        "MoveToTarget.Policy.LearningRate.sum": {
            "value": 4.727498424200015e-06,
            "min": 4.727498424200015e-06,
            "max": 0.0002803218065594,
            "count": 15
        },
        "MoveToTarget.Policy.Epsilon.mean": {
            "value": 0.10157580000000001,
            "min": 0.10157580000000001,
            "max": 0.1934406,
            "count": 15
        },
        "MoveToTarget.Policy.Epsilon.sum": {
            "value": 0.10157580000000001,
            "min": 0.10157580000000001,
            "max": 0.1934406,
            "count": 15
        },
        "MoveToTarget.Policy.Beta.mean": {
            "value": 1.7721420000000028e-05,
            "min": 1.7721420000000028e-05,
            "max": 0.00046785894,
            "count": 15
        },
        "MoveToTarget.Policy.Beta.sum": {
            "value": 1.7721420000000028e-05,
            "min": 1.7721420000000028e-05,
            "max": 0.00046785894,
            "count": 15
        },
        "MoveToTarget.Policy.GAILPolicyEstimate.mean": {
            "value": 0.16593836806714535,
            "min": 0.14483405090868473,
            "max": 0.23850744108979902,
            "count": 15
        },
        "MoveToTarget.Policy.GAILPolicyEstimate.sum": {
            "value": 0.16593836806714535,
            "min": 0.14483405090868473,
            "max": 0.23850744108979902,
            "count": 15
        },
        "MoveToTarget.Policy.GAILExpertEstimate.mean": {
            "value": 0.8918517716228962,
            "min": 0.8569579881926378,
            "max": 0.9012502543628216,
            "count": 15
        },
        "MoveToTarget.Policy.GAILExpertEstimate.sum": {
            "value": 0.8918517716228962,
            "min": 0.8569579881926378,
            "max": 0.9012502543628216,
            "count": 15
        },
        "MoveToTarget.Losses.GAILLoss.mean": {
            "value": 0.32590257562696934,
            "min": 0.284437478830417,
            "max": 0.5227244067937136,
            "count": 15
        },
        "MoveToTarget.Losses.GAILLoss.sum": {
            "value": 0.32590257562696934,
            "min": 0.284437478830417,
            "max": 0.5227244067937136,
            "count": 15
        },
        "MoveToTarget.Policy.GAILGradMagLoss.mean": {
            "value": 0.11109074701865514,
            "min": 0.10905944602563977,
            "max": 0.5167914630534748,
            "count": 15
        },
        "MoveToTarget.Policy.GAILGradMagLoss.sum": {
            "value": 0.11109074701865514,
            "min": 0.10905944602563977,
            "max": 0.5167914630534748,
            "count": 15
        },
        "MoveToTarget.Losses.PretrainingLoss.mean": {
            "value": 0.015396454061071077,
            "min": 0.015396454061071077,
            "max": 0.022423052539428074,
            "count": 15
        },
        "MoveToTarget.Losses.PretrainingLoss.sum": {
            "value": 0.015396454061071077,
            "min": 0.015396454061071077,
            "max": 0.022423052539428074,
            "count": 15
        }
    },
    "metadata": {
        "timer_format_version": "0.1.0",
        "start_time_seconds": "1732282731",
        "python_version": "3.10.11 (tags/v3.10.11:7d4cc5a, Apr  5 2023, 00:38:17) [MSC v.1929 64 bit (AMD64)]",
        "command_line_arguments": "C:\\Users\\Kriszti\\Desktop\\TeachAi\\venv\\Scripts\\mlagents-learn config/MoveToGoal.yaml --initialize-from=MoveToGoal66 --run-id=MoveToGoal67",
        "mlagents_version": "1.1.0",
        "mlagents_envs_version": "1.1.0",