{
    "name": "root",
    "gauges": {
        "MoveToTarget.Policy.Entropy.mean": {
            "value": 0.3478727638721466,
            "min": 0.2219764143228531,
            "max": 0.6529991626739502,
            "count": 492
        },
        "MoveToTarget.Policy.Entropy.sum": {
            "value": 890.5542602539062,
            "min": 18.907602310180664,
            "max": 1521.795166015625,
            "count": 492
        },
        "MoveToTarget.Step.mean": {
            "value": 1000928.0,
            "min": 896.0,
            "max": 1000928.0,
            "count": 1001
        },
        "MoveToTarget.Step.sum": {
            "value": 1000928.0,
            "min": 896.0,
            "max": 1000928.0,
            "count": 1001
        },
        "MoveToTarget.Policy.ExtrinsicValueEstimate.mean": {
            "value": 1.964727520942688,
            "min": -4.489142417907715,
            "max": 7.638399600982666,
            "count": 1001
        },
        "MoveToTarget.Policy.ExtrinsicValueEstimate.sum": {
            "value": 15.717820167541504,
            "min": -36.558860778808594,
            "max": 59.075374603271484,
            "count": 1001
        },
        "MoveToTarget.Policy.GailValueEstimate.mean": {
            "value": 18.628162384033203,
            "min": 8.766378402709961,
            "max": 22.779037475585938,
            "count": 1001
        },
        "MoveToTarget.Policy.GailValueEstimate.sum": {
            "value": 149.02529907226562,
            "min": 65.07232666015625,
            "max": 227.11932373046875,
            "count": 1001
        },
        "MoveToTarget.IsTraining.mean": {
            "value": 0.0,
            "min": 0.0,
            "max": 1.0,
            "count": 1001
        },
        "MoveToTarget.IsTraining.sum": {
            "value": 0.0,
            "min": 0.0,
            "max": 1.0,
            "count": 1001
        },
        "MoveToTarget.Environment.EpisodeLength.mean": {
            "value": 599.0,
            "min": 279.0,
            "max": 600.0,
            "count": 137
        },
        "MoveToTarget.Environment.EpisodeLength.sum": {
            "value": 11980.0,
            "min": 279.0,
            "max": 12000.0,
            "count": 137
        },
        "MoveToTarget.Environment.CumulativeReward.mean": {
            "value": -7.7272727272727275,
            "min": -55.0,
            "max": 2997.0,
            "count": 228
        },
        "MoveToTarget.Environment.CumulativeReward.sum": {
            "value": -85.0,
            "min": -495.0,
            "max": 2997.0,
            "count": 228
        },
        "MoveToTarget.Policy.ExtrinsicReward.mean": {
            "value": -7.7272727272727275,
            "min": -55.0,
            "max": 2997.0,
            "count": 228
        },
        "MoveToTarget.Policy.ExtrinsicReward.sum": {
            "value": -85.0,
            "min": -495.0,
            "max": 2997.0,
            "count": 228
        },
        "MoveToTarget.Policy.GailReward.mean": {
            "value": 111.20932416482405,
            "min": 15.89268684387207,
            "max": 265.68322372436523,
            "count": 228
        },
        "MoveToTarget.Policy.GailReward.sum": {
            "value": 1223.3025658130646,
            "min": 15.89268684387207,
            "max": 1699.3285312652588,
            "count": 228
        },
        "MoveToTarget.Losses.PolicyLoss.mean": {
            "value": 0.012685940983525748,
            "min": 0.010865902907122896,
            "max": 0.013972009018592265,
            "count": 14
        },
        "MoveToTarget.Losses.PolicyLoss.sum": {
            "value": 0.012685940983525748,
            "min": 0.010865902907122896,
            "max": 0.013972009018592265,
            "count": 14
        },
        "MoveToTarget.Losses.ValueLoss.mean": {
            "value": 49.673818826675415,
            "min": 14.181269764900208,
            "max": 290.21228981018066,
            "count": 14
        },
        "MoveToTarget.Losses.ValueLoss.sum": {
            "value": 49.673818826675415,
            "min": 14.181269764900208,
            "max": 290.21228981018066,
            "count": 14
        },
        "MoveToTarget.Policy.LearningRate.mean": {
            "value": 1.7695894101399996e-05,
            "min": 1.7695894101399996e-05,
            "max": 0.00027969000676999995,
            "count": 14
        },
        "MoveToTarget.Policy.LearningRate.sum": {
            "value": 1.7695894101399996e-05,
            "min": 1.7695894101399996e-05,
            "max": 0.00027969000676999995,
            "count": 14
        },
        "MoveToTarget.Policy.Epsilon.mean": {
            "value": 0.1058986,
            "min": 0.1058986,
            "max": 0.19323,
            "count": 14
        },
        "MoveToTarget.Policy.Epsilon.sum": {
            "value": 0.1058986,
            "min": 0.1058986,
            "max": 0.19323,
            "count": 14
        },
        "MoveToTarget.Policy.Beta.mean": {
            "value": 3.890313999999999e-05,
            "min": 3.890313999999999e-05,
            "max": 0.000466827,
            "count": 14
        },
        "MoveToTarget.Policy.Beta.sum": {
            "value": 3.890313999999999e-05,
            "min": 3.890313999999999e-05,
            "max": 0.000466827,
            "count": 14
        },
        "MoveToTarget.Policy.GAILPolicyEstimate.mean": {
            "value": 0.2731515696893136,
            "min": 0.2488256519039472,
            "max": 0.28619821804265183,
            "count": 14
        },
        "MoveToTarget.Policy.GAILPolicyEstimate.sum": {
            "value": 0.2731515696893136,
            "min": 0.2488256519039472,
            "max": 0.28619821804265183,
            "count": 14
        },
        "MoveToTarget.Policy.GAILExpertEstimate.mean": {
            "value": 0.7532739589611689,
            "min": 0.7532739589611689,
            "max": 0.7712845566372076,
            "count": 14
        },
        "MoveToTarget.Policy.GAILExpertEstimate.sum": {
            "value": 0.7532739589611689,
            "min": 0.7532739589611689,
            "max": 0.7712845566372076,
            "count": 14
        },
        "MoveToTarget.Losses.GAILLoss.mean": {
            "value": 0.663717600206534,
            "min": 0.6011470966041088,
            "max": 0.6744699465731779,
            "count": 14
        },
        "MoveToTarget.Losses.GAILLoss.sum": {
            "value": 0.663717600206534,
            "min": 0.6011470966041088,
            "max": 0.6744699465731779,
            "count": 14
        },
        "MoveToTarget.Policy.GAILGradMagLoss.mean": {
            "value": 0.11927864917864402,
            "min": 0.11927864917864402,
            "max": 0.23410741922756037,
            "count": 14
        },
        "MoveToTarget.Policy.GAILGradMagLoss.sum": {
            "value": 0.11927864917864402,
            "min": 0.11927864917864402,
            "max": 0.23410741922756037,
            "count": 14
        },
        "MoveToTarget.Losses.PretrainingLoss.mean": {
            "value": 0.06315294529000919,
            "min": 0.06315294529000919,
            "max": 0.11291626344124477,
            "count": 14
        },
        "MoveToTarget.Losses.PretrainingLoss.sum": {
            "value": 0.06315294529000919,
            "min": 0.06315294529000919,
            "max": 0.11291626344124477,
            "count": 14
        }
    },
    "metadata": {
        "timer_format_version": "0.1.0",
        "start_time_seconds": "1731929789",
        "python_version": "3.10.11 (tags/v3.10.11:7d4cc5a, Apr  5 2023, 00:38:17) [MSC v.1929 64 bit (AMD64)]",
        "command_line_arguments": "C:\\Users\\Kriszti\\Desktop\\TeachAi\\venv\\Scripts\\mlagents-learn config/MoveToGoal.yaml --initialize-from=MoveToGoal20 --run-id=MoveToGoal21",
        "mlagents_version": "1.1.0",
        "mlagents_envs_version": "1.1.0",
        "communication_protocol_version": "1.5.0",