{
    "name": "root",
    "gauges": {
        "MoveToTarget.Policy.Entropy.mean": {
            "value": 0.07399702072143555,
            "min": 0.005897102877497673,
            "max": 0.16723503172397614,
            "count": 993
        },
        "MoveToTarget.Policy.Entropy.sum": {
            "value": 51.79791259765625,
            "min": 0.9656187891960144,
            "max": 240.60809326171875,
            "count": 993
        },
        "MoveToTarget.Step.mean": {
            "value": 999885.0,
            "min": 896.0,
            "max": 999885.0,
            "count": 1000
        },
        "MoveToTarget.Step.sum": {
            "value": 999885.0,
            "min": 896.0,
            "max": 999885.0,
            "count": 1000
        },
        "MoveToTarget.Policy.ExtrinsicValueEstimate.mean": {
            "value": 59.79771041870117,
            "min": -9.535990715026855,
            "max": 186.58505249023438,
            "count": 1000
        },
        "MoveToTarget.Policy.ExtrinsicValueEstimate.sum": {
            "value": 538.1793823242188,
            "min": -85.82391357421875,
            "max": 1865.8505859375,
            "count": 1000
        },
        "MoveToTarget.Policy.GailValueEstimate.mean": {
            "value": 8.739612579345703,
            "min": 4.286170959472656,
            "max": 25.80050277709961,
            "count": 1000
        },
        "MoveToTarget.Policy.GailValueEstimate.sum": {
            "value": 78.65650939941406,
            "min": 34.28936767578125,
            "max": 227.39590454101562,
            "count": 1000
        },
        "MoveToTarget.IsTraining.mean": {
            "value": 1.0,
            "min": 1.0,
            "max": 1.0,
            "count": 1000
        },
        "MoveToTarget.IsTraining.sum": {
            "value": 1.0,
            "min": 1.0,
            "max": 1.0,
            "count": 1000
        },
        "MoveToTarget.Environment.EpisodeLength.mean": {
            "value": 1774.0,
            "min": 109.0,
            "max": 2000.0,
            "count": 505
        },
        "MoveToTarget.Environment.EpisodeLength.sum": {
            "value": 3548.0,
            "min": 109.0,
            "max": 20000.0,
            "count": 505
        },
        "MoveToTarget.Environment.CumulativeReward.mean": {
            "value": 149.0,
            "min": -485.0,
            "max": 9999.0,
            "count": 508
        },
        "MoveToTarget.Environment.CumulativeReward.sum": {
            "value": 298.0,
            "min": -495.0,
            "max": 10939.0,
            "count": 508
        },
        "MoveToTarget.Policy.ExtrinsicReward.mean": {
            "value": 149.0,
            "min": -485.0,
            "max": 9999.0,
            "count": 508
        },
        "MoveToTarget.Policy.ExtrinsicReward.sum": {
            "value": 298.0,
            "min": -495.0,
            "max": 10939.0,
            "count": 508
        },
        "MoveToTarget.Policy.GailReward.mean": {
            "value": 172.45139503479004,
            "min": 2.6588287353515625,
            "max": 631.9156379699707,
            "count": 508
        },
        "MoveToTarget.Policy.GailReward.sum": {
            "value": 344.9027900695801,
            "min": 2.6588287353515625,
            "max": 2486.084687232971,
            "count": 508
        },
        "MoveToTarget.Losses.PolicyLoss.mean": {
            "value": 0.01385055518524799,
            "min": 0.011040127858526224,
            "max": 0.01389704340059931,
            "count": 15
        },
        "MoveToTarget.Losses.PolicyLoss.sum": {
            "value": 0.01385055518524799,
            "min": 0.011040127858526224,
            "max": 0.01389704340059931,
            "count": 15
        },
        "MoveToTarget.Losses.ValueLoss.mean": {
            "value": 784.0016276041666,
            "min": 418.8459701538086,
            "max": 807.4369506835938,
            "count": 15
        },
        "MoveToTarget.Losses.ValueLoss.sum": {
            "value": 784.0016276041666,
            "min": 418.8459701538086,
            "max": 807.4369506835938,
            "count": 15
        },
        "MoveToTarget.Policy.LearningRate.mean": {
            "value": 4.809698396800014e-06,
            "min": 4.809698396800014e-06,
            "max": 0.00028030110656629995,
            "count": 15
        },
        "MoveToTarget.Policy.LearningRate.sum": {
            "value": 4.809698396800014e-06,
            "min": 4.809698396800014e-06,
            "max": 0.00028030110656629995,
            "count": 15
        },
        "MoveToTarget.Policy.Epsilon.mean": {
            "value": 0.1016032,
            "min": 0.1016032,
            "max": 0.19343370000000001,
            "count": 15
        },
        "MoveToTarget.Policy.Epsilon.sum": {
            "value": 0.1016032,
            "min": 0.1016032,
            "max": 0.19343370000000001,
            "count": 15
        },
        "MoveToTarget.Policy.Beta.mean": {
            "value": 1.785568000000002e-05,
            "min": 1.785568000000002e-05,
            "max": 0.00046782513,
            "count": 15
        },
        "MoveToTarget.Policy.Beta.sum": {
            "value": 1.785568000000002e-05,
            "min": 1.785568000000002e-05,
            "max": 0.00046782513,
            "count": 15
        },
        "MoveToTarget.Policy.GAILPolicyEstimate.mean": {
            "value": 0.19219867636760077,
            "min": 0.19219867636760077,
            "max": 0.2711273069338252,
            "count": 15
        },
        "MoveToTarget.Policy.GAILPolicyEstimate.sum": {
            "value": 0.19219867636760077,
            "min": 0.19219867636760077,
            "max": 0.2711273069338252,
            "count": 15
        },
        "MoveToTarget.Policy.GAILExpertEstimate.mean": {
            "value": 0.865646048138539,
            "min": 0.8541905699918667,
            "max": 0.8835736153026422,
            "count": 15
        },
        "MoveToTarget.Policy.GAILExpertEstimate.sum": {
            "value": 0.865646048138539,
            "min": 0.8541905699918667,
            "max": 0.8835736153026422,
            "count": 15
        },
        "MoveToTarget.Losses.GAILLoss.mean": {
            "value": 0.3987507193038861,
            "min": 0.3758468547215064,
            "max": 0.571048442274332,
            "count": 15
        },
        "MoveToTarget.Losses.GAILLoss.sum": {
            "value": 0.3987507193038861,
            "min": 0.3758468547215064,
            "max": 0.571048442274332,
            "count": 15
        },
        "MoveToTarget.Policy.GAILGradMagLoss.mean": {
            "value": 0.12950498393426338,
            "min": 0.11256650136783719,
            "max": 0.47693778729687136,
            "count": 15
        },
        "MoveToTarget.Policy.GAILGradMagLoss.sum": {
            "value": 0.12950498393426338,
            "min": 0.11256650136783719,
            "max": 0.47693778729687136,
            "count": 15
        },
        "MoveToTarget.Losses.PretrainingLoss.mean": {
            "value": 0.017942842716972034,
            "min": 0.017942842716972034,
            "max": 0.4313174784183502,
            "count": 15
        },
        "MoveToTarget.Losses.PretrainingLoss.sum": {
            "value": 0.017942842716972034,
            "min": 0.017942842716972034,
            "max": 0.4313174784183502,
            "count": 15
        }
    },
    "metadata": {
        "timer_format_version": "0.1.0",
        "start_time_seconds": "1732193541",
        "python_version": "3.10.11 (tags/v3.10.11:7d4cc5a, Apr  5 2023, 00:38:17) [MSC v.1929 64 bit (AMD64)]",
        "command_line_arguments": "C:\\Users\\Kriszti\\Desktop\\TeachAi\\venv\\Scripts\\mlagents-learn config/MoveToGoal.yaml --initialize-from=MoveToGoal60 --run-id=MoveToGoal61",
        "mlagents_version": "1.1.0",
        "mlagents_envs_version": "1.1.0",
        "communication_protocol_version": "1.5.0",