{
    "name": "root",
    "gauges": {
        "MoveToTarget.Policy.Entropy.mean": {
            "value": 0.038261692970991135,
            "min": 0.012034832499921322,
            "max": 0.1531723588705063,
            "count": 938
        },
        "MoveToTarget.Policy.Entropy.sum": {
            "value": 14.539443016052246,
            "min": 0.24078486859798431,
            "max": 374.86248779296875,
            "count": 938
        },
        "MoveToTarget.Step.mean": {
            "value": 999929.0,
            "min": 896.0,
            "max": 999929.0,
            "count": 1000
        },
        "MoveToTarget.Step.sum": {
            "value": 999929.0,
            "min": 896.0,
            "max": 999929.0,
            "count": 1000
        },
        "MoveToTarget.Policy.ExtrinsicValueEstimate.mean": {
            "value": 76.55221557617188,
            "min": -25.212827682495117,
            "max": 110.23651123046875,
            "count": 1000
        },
        "MoveToTarget.Policy.ExtrinsicValueEstimate.sum": {
            "value": 612.417724609375,
            "min": -199.36322021484375,
            "max": 881.89208984375,
            "count": 1000
        },
        "MoveToTarget.Policy.GailValueEstimate.mean": {
            "value": 11.42282485961914,
            "min": 2.893320083618164,
            "max": 31.045467376708984,
            "count": 1000
        },
        "MoveToTarget.Policy.GailValueEstimate.sum": {
            "value": 91.38259887695312,
            "min": 22.578027725219727,
            "max": 248.36373901367188,
            "count": 1000
        },
        "MoveToTarget.IsTraining.mean": {
            "value": 1.0,
            "min": 1.0,
            "max": 1.0,
            "count": 1000
        },
        "MoveToTarget.IsTraining.sum": {
            "value": 1.0,
            "min": 1.0,
            "max": 1.0,
            "count": 1000
        },
        "MoveToTarget.Environment.EpisodeLength.mean": {
            "value": 30899.0,
            "min": 519.0,
            "max": 30899.0,
            "count": 26
        },
        "MoveToTarget.Environment.EpisodeLength.sum": {
            "value": 30899.0,
            "min": 519.0,
            "max": 30899.0,
            "count": 26
        },
        "MoveToTarget.Environment.CumulativeReward.mean": {
            "value": -563.5,
            "min": -563.5,
            "max": 4710.0,
            "count": 26
        },
        "MoveToTarget.Environment.CumulativeReward.sum": {
            "value": -563.5,
            "min": -563.5,
            "max": 4710.0,
            "count": 26
        },
        "MoveToTarget.Policy.ExtrinsicReward.mean": {
            "value": -563.5,
            "min": -563.5,
            "max": 4710.0,
            "count": 26
        },
        "MoveToTarget.Policy.ExtrinsicReward.sum": {
            "value": -563.5,
            "min": -563.5,
            "max": 4710.0,
            "count": 26
        },
        "MoveToTarget.Policy.GailReward.mean": {
            "value": 3906.5003719329834,
            "min": 205.69158017635345,
            "max": 5348.079968452454,
            "count": 26
        },
        "MoveToTarget.Policy.GailReward.sum": {
            "value": 3906.5003719329834,
            "min": 205.69158017635345,
            "max": 5348.079968452454,
            "count": 26
        },
        "MoveToTarget.Losses.PolicyLoss.mean": {
            "value": 0.013738545236265054,
            "min": 0.011119664244082136,
            "max": 0.014306170104343133,
            "count": 15
        },
        "MoveToTarget.Losses.PolicyLoss.sum": {
            "value": 0.013738545236265054,
            "min": 0.011119664244082136,
            "max": 0.014306170104343133,
            "count": 15
        },
        "MoveToTarget.Losses.ValueLoss.mean": {
            "value": 602.5855356852213,
            "min": 92.58396895726521,
            "max": 602.5855356852213,
            "count": 15
        },
        "MoveToTarget.Losses.ValueLoss.sum": {
            "value": 602.5855356852213,
            "min": 92.58396895726521,
            "max": 602.5855356852213,
            "count": 15
        },
        "MoveToTarget.Policy.LearningRate.mean": {
            "value": 3.093398968899987e-06,
            "min": 3.093398968899987e-06,
            "max": 0.0002801925066025,
            "count": 15
        },
        "MoveToTarget.Policy.LearningRate.sum": {
            "value": 3.093398968899987e-06,
            "min": 3.093398968899987e-06,
            "max": 0.0002801925066025,
            "count": 15
        },
        "MoveToTarget.Policy.Epsilon.mean": {
            "value": 0.1010311,
            "min": 0.1010311,
            "max": 0.1933975,
            "count": 15
        },
        "MoveToTarget.Policy.Epsilon.sum": {
            "value": 0.1010311,
            "min": 0.1010311,
            "max": 0.1933975,
            "count": 15
        },
        "MoveToTarget.Policy.Beta.mean": {
            "value": 1.5052389999999979e-05,
            "min": 1.5052389999999979e-05,
            "max": 0.00046764774999999995,
            "count": 15
        },
        "MoveToTarget.Policy.Beta.sum": {
            "value": 1.5052389999999979e-05,
            "min": 1.5052389999999979e-05,
            "max": 0.00046764774999999995,
            "count": 15
        },
        "MoveToTarget.Policy.GAILPolicyEstimate.mean": {
            "value": 0.10454073812191685,
            "min": 0.10454073812191685,
            "max": 0.2717708375615378,
            "count": 15
        },
        "MoveToTarget.Policy.GAILPolicyEstimate.sum": {
            "value": 0.10454073812191685,
            "min": 0.10454073812191685,
            "max": 0.2717708375615378,
            "count": 15
        },
        "MoveToTarget.Policy.GAILExpertEstimate.mean": {
            "value": 0.8865469098091125,
            "min": 0.8495823883761963,
            "max": 0.8865469098091125,
            "count": 15
        },
        "MoveToTarget.Policy.GAILExpertEstimate.sum": {
            "value": 0.8865469098091125,
            "min": 0.8495823883761963,
            "max": 0.8865469098091125,
            "count": 15
        },
        "MoveToTarget.Losses.GAILLoss.mean": {
            "value": 0.24412859634806713,
            "min": 0.24412859634806713,
            "max": 0.5866383723914623,
            "count": 15
        },
        "MoveToTarget.Losses.GAILLoss.sum": {
            "value": 0.24412859634806713,
            "min": 0.24412859634806713,
            "max": 0.5866383723914623,
            "count": 15
        },
        "MoveToTarget.Policy.GAILGradMagLoss.mean": {
            "value": 0.12151947167391579,
            "min": 0.12093616183847189,
            "max": 0.5158980678146085,
            "count": 15
        },
        "MoveToTarget.Policy.GAILGradMagLoss.sum": {
            "value": 0.12151947167391579,
            "min": 0.12093616183847189,
            "max": 0.5158980678146085,
            "count": 15
        },
        "MoveToTarget.Losses.PretrainingLoss.mean": {
            "value": 0.018772780584792297,
            "min": 0.018772780584792297,
            "max": 0.03704953442017237,
            "count": 15
        },
        "MoveToTarget.Losses.PretrainingLoss.sum": {
            "value": 0.018772780584792297,
            "min": 0.018772780584792297,
            "max": 0.03704953442017237,
            "count": 15
        }
    },
    "metadata": {
        "timer_format_version": "0.1.0",
        "start_time_seconds": "1732110438",
        "python_version": "3.10.11 (tags/v3.10.11:7d4cc5a, Apr  5 2023, 00:38:17) [MSC v.1929 64 bit (AMD64)]",
        "command_line_arguments": "C:\\Users\\tamas\\Desktop\\TeachAi\\venv\\Scripts\\mlagents-learn config/MoveToGoal.yaml --initialize-from=MoveToGoal47 --run-id=MoveToGoal48",
        "mlagents_version": "1.1.0",
        "mlagents_envs_version": "1.1.0",
        "communication_protocol_version": "1.5.0",