{
    "name": "root",
    "gauges": {
        "MoveToTarget.Policy.Entropy.mean": {
            "value": 0.17022205889225006,
            "min": 0.08021243661642075,
            "max": 0.18326281011104584,
            "count": 988
        },
        "MoveToTarget.Policy.Entropy.sum": {
            "value": 182.47804260253906,
            "min": 17.36165428161621,
            "max": 375.3222351074219,
            "count": 988
        },
        "MoveToTarget.Step.mean": {
            "value": 999939.0,
            "min": 896.0,
            "max": 999939.0,
            "count": 1000
        },
        "MoveToTarget.Step.sum": {
            "value": 999939.0,
            "min": 896.0,
            "max": 999939.0,
            "count": 1000
        },
        "MoveToTarget.Policy.ExtrinsicValueEstimate.mean": {
            "value": 21.156417846679688,
            "min": 7.806951522827148,
            "max": 98.86132049560547,
            "count": 1000
        },
        "MoveToTarget.Policy.ExtrinsicValueEstimate.sum": {
            "value": 190.4077606201172,
            "min": 54.88146209716797,
            "max": 937.528076171875,
            "count": 1000
        },
        "MoveToTarget.Policy.GailValueEstimate.mean": {
            "value": 16.15581512451172,
            "min": 12.98447322845459,
            "max": 23.52155113220215,
            "count": 1000
        },
        "MoveToTarget.Policy.GailValueEstimate.sum": {
            "value": 145.40234375,
            "min": 96.00108337402344,
            "max": 184.6637725830078,
            "count": 1000
        },
        "MoveToTarget.IsTraining.mean": {
            "value": 1.0,
            "min": 1.0,
            "max": 1.0,
            "count": 1000
        },
        "MoveToTarget.IsTraining.sum": {
            "value": 1.0,
            "min": 1.0,
            "max": 1.0,
            "count": 1000
        },
        "MoveToTarget.Environment.EpisodeLength.mean": {
            "value": 899.0,
            "min": 189.0,
            "max": 31642.0,
            "count": 260
        },
        "MoveToTarget.Environment.EpisodeLength.sum": {
            "value": 899.0,
            "min": 189.0,
            "max": 31642.0,
            "count": 260
        },
        "MoveToTarget.Environment.CumulativeReward.mean": {
            "value": 519.0,
            "min": -325.0,
            "max": 4705.0,
            "count": 264
        },
        "MoveToTarget.Environment.CumulativeReward.sum": {
            "value": 519.0,
            "min": -325.0,
            "max": 5360.0,
            "count": 264
        },
        "MoveToTarget.Policy.ExtrinsicReward.mean": {
            "value": 519.0,
            "min": -325.0,
            "max": 4705.0,
            "count": 264
        },
        "MoveToTarget.Policy.ExtrinsicReward.sum": {
            "value": 519.0,
            "min": -325.0,
            "max": 5360.0,
            "count": 264
        },
        "MoveToTarget.Policy.GailReward.mean": {
            "value": 145.78566199541092,
            "min": 27.58623218536377,
            "max": 5170.2230315208435,
            "count": 264
        },
        "MoveToTarget.Policy.GailReward.sum": {
            "value": 145.78566199541092,
            "min": 27.58623218536377,
            "max": 5170.2230315208435,
            "count": 264
        },
        "MoveToTarget.Losses.PolicyLoss.mean": {
            "value": 0.009782987168212761,
            "min": 0.009782987168212761,
            "max": 0.014311278309226813,
            "count": 15
        },
        "MoveToTarget.Losses.PolicyLoss.sum": {
            "value": 0.009782987168212761,
            "min": 0.009782987168212761,
            "max": 0.014311278309226813,
            "count": 15
        },
        "MoveToTarget.Losses.ValueLoss.mean": {
            "value": 469.078467686971,
            "min": 402.06653594970703,
            "max": 1010.4654871622721,
            "count": 15
        },
        "MoveToTarget.Losses.ValueLoss.sum": {
            "value": 469.078467686971,
            "min": 402.06653594970703,
            "max": 1010.4654871622721,
            "count": 15
        },
        "MoveToTarget.Policy.LearningRate.mean": {
            "value": 4.6629984456999925e-06,
            "min": 4.6629984456999925e-06,
            "max": 0.00028028640657119997,
            "count": 15
        },
        "MoveToTarget.Policy.LearningRate.sum": {
            "value": 4.6629984456999925e-06,
            "min": 4.6629984456999925e-06,
            "max": 0.00028028640657119997,
            "count": 15
        },
        "MoveToTarget.Policy.Epsilon.mean": {
            "value": 0.1015543,
            "min": 0.1015543,
            "max": 0.19342879999999998,
            "count": 15
        },
        "MoveToTarget.Policy.Epsilon.sum": {
            "value": 0.1015543,
            "min": 0.1015543,
            "max": 0.19342879999999998,
            "count": 15
        },
        "MoveToTarget.Policy.Beta.mean": {
            "value": 1.761606999999999e-05,
            "min": 1.761606999999999e-05,
            "max": 0.00046780112,
            "count": 15
        },
        "MoveToTarget.Policy.Beta.sum": {
            "value": 1.761606999999999e-05,
            "min": 1.761606999999999e-05,
            "max": 0.00046780112,
            "count": 15
        },
        "MoveToTarget.Policy.GAILPolicyEstimate.mean": {
            "value": 0.19175134288767973,
            "min": 0.19175134288767973,
            "max": 0.221551193545262,
            "count": 15
        },
        "MoveToTarget.Policy.GAILPolicyEstimate.sum": {
            "value": 0.19175134288767973,
            "min": 0.19175134288767973,
            "max": 0.221551193545262,
            "count": 15
        },
        "MoveToTarget.Policy.GAILExpertEstimate.mean": {
            "value": 0.8854958688219389,
            "min": 0.869357269257307,
            "max": 0.8854958688219389,
            "count": 15
        },
        "MoveToTarget.Policy.GAILExpertEstimate.sum": {
            "value": 0.8854958688219389,
            "min": 0.869357269257307,
            "max": 0.8854958688219389,
            "count": 15
        },
        "MoveToTarget.Losses.GAILLoss.mean": {
            "value": 0.3635374593238036,
            "min": 0.3635374593238036,
            "max": 0.43202627698580426,
            "count": 15
        },
        "MoveToTarget.Losses.GAILLoss.sum": {
            "value": 0.3635374593238036,
            "min": 0.3635374593238036,
            "max": 0.43202627698580426,
            "count": 15
        },
        "MoveToTarget.Policy.GAILGradMagLoss.mean": {
            "value": 0.10745303519070148,
            "min": 0.10745303519070148,
            "max": 0.22137294601028165,
            "count": 15
        },
        "MoveToTarget.Policy.GAILGradMagLoss.sum": {
            "value": 0.10745303519070148,
            "min": 0.10745303519070148,
            "max": 0.22137294601028165,
            "count": 15
        },
        "MoveToTarget.Losses.PretrainingLoss.mean": {
            "value": 0.025461118047436077,
            "min": 0.019840280214945476,
            "max": 0.027049352725346882,
            "count": 15
        },
        "MoveToTarget.Losses.PretrainingLoss.sum": {
            "value": 0.025461118047436077,
            "min": 0.019840280214945476,
            "max": 0.027049352725346882,
            "count": 15
        }
    },
    "metadata": {
        "timer_format_version": "0.1.0",
        "start_time_seconds": "1732029020",
        "python_version": "3.10.11 (tags/v3.10.11:7d4cc5a, Apr  5 2023, 00:38:17) [MSC v.1929 64 bit (AMD64)]",
        "command_line_arguments": "C:\\Users\\Kriszti\\Desktop\\TeachAi\\venv\\Scripts\\mlagents-learn config/MoveToGoal.yaml --initialize-from=MoveToGoal34 --run-id=MoveToGoal35",
        "mlagents_version": "1.1.0",
        "mlagents_envs_version": "1.1.0",
        "communication_protocol_version": "1.5.0",