{
    "name": "root",
    "gauges": {
        "MoveToTarget.Policy.Entropy.mean": {
            "value": 0.31860673427581787,
            "min": 0.07303982228040695,
            "max": 0.532164990901947,
            "count": 603
        },
        "MoveToTarget.Policy.Entropy.sum": {
            "value": 652.506591796875,
            "min": 78.71969604492188,
            "max": 929.739013671875,
            "count": 603
        },
        "MoveToTarget.Step.mean": {
            "value": 999974.0,
            "min": 896.0,
            "max": 999974.0,
            "count": 1000
        },
        "MoveToTarget.Step.sum": {
            "value": 999974.0,
            "min": 896.0,
            "max": 999974.0,
            "count": 1000
        },
        "MoveToTarget.Policy.ExtrinsicValueEstimate.mean": {
            "value": 1.1912288665771484,
            "min": -3.4460537433624268,
            "max": 10.527544021606445,
            "count": 1000
        },
        "MoveToTarget.Policy.ExtrinsicValueEstimate.sum": {
            "value": 9.529830932617188,
            "min": -31.014484405517578,
            "max": 73.69281005859375,
            "count": 1000
        },
        "MoveToTarget.Policy.GailValueEstimate.mean": {
            "value": 14.345027923583984,
            "min": 8.813469886779785,
            "max": 31.370779037475586,
            "count": 1000
        },
        "MoveToTarget.Policy.GailValueEstimate.sum": {
            "value": 114.76022338867188,
            "min": 64.39045715332031,
            "max": 245.28042602539062,
            "count": 1000
        },
        "MoveToTarget.IsTraining.mean": {
            "value": 1.0,
            "min": 1.0,
            "max": 1.0,
            "count": 1000
        },
        "MoveToTarget.IsTraining.sum": {
            "value": 1.0,
            "min": 1.0,
            "max": 1.0,
            "count": 1000
        },
        "MoveToTarget.Environment.EpisodeLength.mean": {
            "value": 999.0,
            "min": 232.0,
            "max": 1000.0,
            "count": 118
        },
        "MoveToTarget.Environment.EpisodeLength.sum": {
            "value": 14985.0,
            "min": 232.0,
            "max": 16000.0,
            "count": 118
        },
        "MoveToTarget.Environment.CumulativeReward.mean": {
            "value": -5.555555555555555,
            "min": -95.16666666666667,
            "max": 2124.0,
            "count": 183
        },
        "MoveToTarget.Environment.CumulativeReward.sum": {
            "value": -50.0,
            "min": -571.0,
            "max": 3526.0,
            "count": 183
        },
        "MoveToTarget.Policy.ExtrinsicReward.mean": {
            "value": -5.555555555555555,
            "min": -95.16666666666667,
            "max": 2124.0,
            "count": 183
        },
        "MoveToTarget.Policy.ExtrinsicReward.sum": {
            "value": -50.0,
            "min": -571.0,
            "max": 3526.0,
            "count": 183
        },
        "MoveToTarget.Policy.GailReward.mean": {
            "value": 206.89290210935803,
            "min": 36.81976103782654,
            "max": 839.3565368652344,
            "count": 183
        },
        "MoveToTarget.Policy.GailReward.sum": {
            "value": 1862.0361189842224,
            "min": 36.81976103782654,
            "max": 2527.982985973358,
            "count": 183
        },
        "MoveToTarget.Losses.PolicyLoss.mean": {
            "value": 0.014101856091050044,
            "min": 0.010901278335344008,
            "max": 0.014416867454807894,
            "count": 15
        },
        "MoveToTarget.Losses.PolicyLoss.sum": {
            "value": 0.014101856091050044,
            "min": 0.010901278335344008,
            "max": 0.014416867454807894,
            "count": 15
        },
        "MoveToTarget.Losses.ValueLoss.mean": {
            "value": 88.30020030339558,
            "min": 8.318239281574884,
            "max": 345.21823438008624,
            "count": 15
        },
        "MoveToTarget.Losses.ValueLoss.sum": {
            "value": 88.30020030339558,
            "min": 8.318239281574884,
            "max": 345.21823438008624,
            "count": 15
        },
        "MoveToTarget.Policy.LearningRate.mean": {
            "value": 2.895099035000014e-06,
            "min": 2.895099035000014e-06,
            "max": 0.0002801988066004,
            "count": 15
        },
        "MoveToTarget.Policy.LearningRate.sum": {
            "value": 2.895099035000014e-06,
            "min": 2.895099035000014e-06,
            "max": 0.0002801988066004,
            "count": 15
        },
        "MoveToTarget.Policy.Epsilon.mean": {
            "value": 0.10096500000000001,
            "min": 0.10096500000000001,
            "max": 0.1933996,
            "count": 15
        },
        "MoveToTarget.Policy.Epsilon.sum": {
            "value": 0.10096500000000001,
            "min": 0.10096500000000001,
            "max": 0.1933996,
            "count": 15
        },
        "MoveToTarget.Policy.Beta.mean": {
            "value": 1.4728500000000022e-05,
            "min": 1.4728500000000022e-05,
            "max": 0.00046765804000000003,
            "count": 15
        },
        "MoveToTarget.Policy.Beta.sum": {
            "value": 1.4728500000000022e-05,
            "min": 1.4728500000000022e-05,
            "max": 0.00046765804000000003,
            "count": 15
        },
        "MoveToTarget.Policy.GAILPolicyEstimate.mean": {
            "value": 0.25776504445821047,
            "min": 0.23680577334016562,
            "max": 0.28436877578496933,
            "count": 15
        },
        "MoveToTarget.Policy.GAILPolicyEstimate.sum": {
            "value": 0.25776504445821047,
            "min": 0.23680577334016562,
            "max": 0.28436877578496933,
            "count": 15
        },
        "MoveToTarget.Policy.GAILExpertEstimate.mean": {
            "value": 0.783809890349706,
            "min": 0.7186801644663016,
            "max": 0.7845623008906841,
            "count": 15
        },
        "MoveToTarget.Policy.GAILExpertEstimate.sum": {
            "value": 0.783809890349706,
            "min": 0.7186801644663016,
            "max": 0.7845623008906841,
            "count": 15
        },
        "MoveToTarget.Losses.GAILLoss.mean": {
            "value": 0.5928857487936815,
            "min": 0.5646688429017862,
            "max": 0.7656887794534365,
            "count": 15
        },
        "MoveToTarget.Losses.GAILLoss.sum": {
            "value": 0.5928857487936815,
            "min": 0.5646688429017862,
            "max": 0.7656887794534365,
            "count": 15
        },
        "MoveToTarget.Policy.GAILGradMagLoss.mean": {
            "value": 0.13466212681184211,
            "min": 0.13466212681184211,
            "max": 0.28680014920731384,
            "count": 15
        },
        "MoveToTarget.Policy.GAILGradMagLoss.sum": {
            "value": 0.13466212681184211,
            "min": 0.13466212681184211,
            "max": 0.28680014920731384,
            "count": 15
        },
        "MoveToTarget.Losses.PretrainingLoss.mean": {
            "value": 0.0606855054696401,
            "min": 0.0606855054696401,
            "max": 0.2088462014993032,
            "count": 15
        },
        "MoveToTarget.Losses.PretrainingLoss.sum": {
            "value": 0.0606855054696401,
            "min": 0.0606855054696401,
            "max": 0.2088462014993032,
            "count": 15
        }
    },
    "metadata": {
        "timer_format_version": "0.1.0",
        "start_time_seconds": "1731948497",
        "python_version": "3.10.11 (tags/v3.10.11:7d4cc5a, Apr  5 2023, 00:38:17) [MSC v.1929 64 bit (AMD64)]",
        "command_line_arguments": "C:\\Users\\Kriszti\\Desktop\\TeachAi\\venv\\Scripts\\mlagents-learn config/MoveToGoal.yaml --initialize-from=MoveToGoal25 --run-id=MoveToGoal26",
        "mlagents_version": "1.1.0",