{
    "name": "root",
    "gauges": {
        "MoveToTarget.Policy.Entropy.mean": {
            "value": 0.11038817465305328,
            "min": 0.002123481361195445,
            "max": 0.2929283678531647,
            "count": 979
        },
        "MoveToTarget.Policy.Entropy.sum": {
            "value": 148.36170959472656,
            "min": 0.15917454659938812,
            "max": 351.5140380859375,
            "count": 979
        },
        "MoveToTarget.Step.mean": {
            "value": 999920.0,
            "min": 896.0,
            "max": 999920.0,
            "count": 1000
        },
        "MoveToTarget.Step.sum": {
            "value": 999920.0,
            "min": 896.0,
            "max": 999920.0,
            "count": 1000
        },
        "MoveToTarget.Policy.ExtrinsicValueEstimate.mean": {
            "value": 2.088038444519043,
            "min": -195.2466583251953,
            "max": 608.5231323242188,
            "count": 1000
        },
        "MoveToTarget.Policy.ExtrinsicValueEstimate.sum": {
            "value": 18.792346954345703,
            "min": -1583.760986328125,
            "max": 5476.7080078125,
            "count": 1000
        },
        "MoveToTarget.Policy.GailValueEstimate.mean": {
            "value": 27.306922912597656,
            "min": 5.011545181274414,
            "max": 69.69696044921875,
            "count": 1000
        },
        "MoveToTarget.Policy.GailValueEstimate.sum": {
            "value": 245.76229858398438,
            "min": 45.103904724121094,
            "max": 1021.2405395507812,
            "count": 1000
        },
        "MoveToTarget.IsTraining.mean": {
            "value": 1.0,
            "min": 1.0,
            "max": 1.0,
            "count": 1000
        },
        "MoveToTarget.IsTraining.sum": {
            "value": 1.0,
            "min": 1.0,
            "max": 1.0,
            "count": 1000
        },
        "MoveToTarget.Environment.EpisodeLength.mean": {
            "value": 1799.0,
            "min": 163.0,
            "max": 1800.0,
            "count": 338
        },
        "MoveToTarget.Environment.EpisodeLength.sum": {
            "value": 1799.0,
            "min": 163.0,
            "max": 25200.0,
            "count": 338
        },
        "MoveToTarget.Environment.CumulativeReward.mean": {
            "value": -20.0,
            "min": -2475.0,
            "max": 3701.0,
            "count": 339
        },
        "MoveToTarget.Environment.CumulativeReward.sum": {
            "value": -20.0,
            "min": -2475.0,
            "max": 3701.0,
            "count": 339
        },
        "MoveToTarget.Policy.ExtrinsicReward.mean": {
            "value": -20.0,
            "min": -2475.0,
            "max": 3701.0,
            "count": 339
        },
        "MoveToTarget.Policy.ExtrinsicReward.sum": {
            "value": -20.0,
            "min": -2475.0,
            "max": 3701.0,
            "count": 339
        },
        "MoveToTarget.Policy.GailReward.mean": {
            "value": 287.5600925683975,
            "min": 21.195722579956055,
            "max": 2695.1722281455995,
            "count": 339
        },
        "MoveToTarget.Policy.GailReward.sum": {
            "value": 287.5600925683975,
            "min": 21.195722579956055,
            "max": 35993.150844573975,
            "count": 339
        },
        "MoveToTarget.Losses.PolicyLoss.mean": {
            "value": 0.011246288480227426,
            "min": 0.010252049699677931,
            "max": 0.016553518017947983,
            "count": 15
        },
        "MoveToTarget.Losses.PolicyLoss.sum": {
            "value": 0.011246288480227426,
            "min": 0.010252049699677931,
            "max": 0.016553518017947983,
            "count": 15
        },
        "MoveToTarget.Losses.ValueLoss.mean": {
            "value": 189.10865847269693,
            "min": 78.97379207611084,
            "max": 4677.546646118164,
            "count": 15
        },
        "MoveToTarget.Losses.ValueLoss.sum": {
            "value": 189.10865847269693,
            "min": 78.97379207611084,
            "max": 4677.546646118164,
            "count": 15
        },
        "MoveToTarget.Policy.LearningRate.mean": {
            "value": 4.111298629600014e-06,
            "min": 4.111298629600014e-06,
            "max": 0.0002803041065652999,
            "count": 15
        },
        "MoveToTarget.Policy.LearningRate.sum": {
            "value": 4.111298629600014e-06,
            "min": 4.111298629600014e-06,
            "max": 0.0002803041065652999,
            "count": 15
        },
        "MoveToTarget.Policy.Epsilon.mean": {
            "value": 0.10137040000000001,
            "min": 0.10137040000000001,
            "max": 0.19343470000000004,
            "count": 15
        },
        "MoveToTarget.Policy.Epsilon.sum": {
            "value": 0.10137040000000001,
            "min": 0.10137040000000001,
            "max": 0.19343470000000004,
            "count": 15
        },
        "MoveToTarget.Policy.Beta.mean": {
            "value": 1.6714960000000026e-05,
            "min": 1.6714960000000026e-05,
            "max": 0.00046783003000000007,
            "count": 15
        },
        "MoveToTarget.Policy.Beta.sum": {
            "value": 1.6714960000000026e-05,
            "min": 1.6714960000000026e-05,
            "max": 0.00046783003000000007,
            "count": 15
        },
        "MoveToTarget.Policy.GAILPolicyEstimate.mean": {
            "value": 0.20701145691176256,
            "min": 0.19920197408646345,
            "max": 0.34899291954934597,
            "count": 15
        },
        "MoveToTarget.Policy.GAILPolicyEstimate.sum": {
            "value": 0.20701145691176256,
            "min": 0.19920197408646345,
            "max": 0.34899291954934597,
            "count": 15
        },
        "MoveToTarget.Policy.GAILExpertEstimate.mean": {
            "value": 0.8616754276057085,
            "min": 0.8284888714551926,
            "max": 0.8616754276057085,
            "count": 15
        },
        "MoveToTarget.Policy.GAILExpertEstimate.sum": {
            "value": 0.8616754276057085,
            "min": 0.8284888714551926,
            "max": 0.8616754276057085,
            "count": 15
        },
        "MoveToTarget.Losses.GAILLoss.mean": {
            "value": 0.4168637196222941,
            "min": 0.4091340446223815,
            "max": 0.7523338596026102,
            "count": 15
        },
        "MoveToTarget.Losses.GAILLoss.sum": {
            "value": 0.4168637196222941,
            "min": 0.4091340446223815,
            "max": 0.7523338596026102,
            "count": 15
        },
        "MoveToTarget.Policy.GAILGradMagLoss.mean": {
            "value": 0.1403391843972107,
            "min": 0.1314867725595832,
            "max": 0.5981390572463473,
            "count": 15
        },
        "MoveToTarget.Policy.GAILGradMagLoss.sum": {
            "value": 0.1403391843972107,
            "min": 0.1314867725595832,
            "max": 0.5981390572463473,
            "count": 15
        },
        "MoveToTarget.Losses.PretrainingLoss.mean": {
            "value": 0.04530210296312968,
            "min": 0.04530210296312968,
            "max": 0.6870400905609131,
            "count": 15
        },
        "MoveToTarget.Losses.PretrainingLoss.sum": {
            "value": 0.04530210296312968,
            "min": 0.04530210296312968,
            "max": 0.6870400905609131,
            "count": 15
        }
    },
    "metadata": {
        "timer_format_version": "0.1.0",
        "start_time_seconds": "1732099301",
        "python_version": "3.10.11 (tags/v3.10.11:7d4cc5a, Apr  5 2023, 00:38:17) [MSC v.1929 64 bit (AMD64)]",
        "command_line_arguments": "C:\\Users\\tamas\\Desktop\\TeachAi\\venv\\Scripts\\mlagents-learn config/MoveToGoal.yaml --initialize-from=MoveToGoal39 --run-id=MoveToGoal40",
        "mlagents_version": "1.1.0",
        "mlagents_envs_version": "1.1.0",