{
    "name": "root",
    "gauges": {
        "MoveToTarget.Policy.Entropy.mean": {
            "value": 0.2515662908554077,
            "min": 0.12227733433246613,
            "max": 0.3432120382785797,
            "count": 543
        },
        "MoveToTarget.Policy.Entropy.sum": {
            "value": 515.207763671875,
            "min": 5.724058151245117,
            "max": 624.8026123046875,
            "count": 543
        },
        "MoveToTarget.Step.mean": {
            "value": 1000946.0,
            "min": 896.0,
            "max": 1000946.0,
            "count": 1001
        },
        "MoveToTarget.Step.sum": {
            "value": 1000946.0,
            "min": 896.0,
            "max": 1000946.0,
            "count": 1001
        },
        "MoveToTarget.Policy.ExtrinsicValueEstimate.mean": {
            "value": 0.09889721870422363,
            "min": -2.30031418800354,
            "max": 10.054252624511719,
            "count": 1001
        },
        "MoveToTarget.Policy.ExtrinsicValueEstimate.sum": {
            "value": 0.7911777496337891,
            "min": -18.40251350402832,
            "max": 148.30856323242188,
            "count": 1001
        },
        "MoveToTarget.Policy.GailValueEstimate.mean": {
            "value": 19.628568649291992,
            "min": 3.7124571800231934,
            "max": 26.875171661376953,
            "count": 1001
        },
        "MoveToTarget.Policy.GailValueEstimate.sum": {
            "value": 157.02854919433594,
            "min": 29.699657440185547,
            "max": 495.5492248535156,
            "count": 1001
        },
        "MoveToTarget.IsTraining.mean": {
            "value": 0.0,
            "min": 0.0,
            "max": 1.0,
            "count": 1001
        },
        "MoveToTarget.IsTraining.sum": {
            "value": 0.0,
            "min": 0.0,
            "max": 1.0,
            "count": 1001
        },
        "MoveToTarget.Environment.EpisodeLength.mean": {
            "value": 1799.0,
            "min": 243.0,
            "max": 1800.0,
            "count": 71
        },
        "MoveToTarget.Environment.EpisodeLength.sum": {
            "value": 1799.0,
            "min": 243.0,
            "max": 28800.0,
            "count": 71
        },
        "MoveToTarget.Environment.CumulativeReward.mean": {
            "value": 0.0,
            "min": -27.4,
            "max": 2746.0,
            "count": 71
        },
        "MoveToTarget.Environment.CumulativeReward.sum": {
            "value": 0.0,
            "min": -411.0,
            "max": 2746.0,
            "count": 71
        },
        "MoveToTarget.Policy.ExtrinsicReward.mean": {
            "value": 0.0,
            "min": -27.4,
            "max": 2746.0,
            "count": 71
        },
        "MoveToTarget.Policy.ExtrinsicReward.sum": {
            "value": 0.0,
            "min": -411.0,
            "max": 2746.0,
            "count": 71
        },
        "MoveToTarget.Policy.GailReward.mean": {
            "value": 134.81766510009766,
            "min": 108.9490966796875,
            "max": 742.050812125206,
            "count": 71
        },
        "MoveToTarget.Policy.GailReward.sum": {
            "value": 134.81766510009766,
            "min": 108.9490966796875,
            "max": 6740.981763601303,
            "count": 71
        },
        "MoveToTarget.Losses.PolicyLoss.mean": {
            "value": 0.01381542201367362,
            "min": 0.009350531539894291,
            "max": 0.01381542201367362,
            "count": 15
        },
        "MoveToTarget.Losses.PolicyLoss.sum": {
            "value": 0.01381542201367362,
            "min": 0.009350531539894291,
            "max": 0.01381542201367362,
            "count": 15
        },
        "MoveToTarget.Losses.ValueLoss.mean": {
            "value": 3.5579055696725845,
            "min": 2.7760020246108374,
            "max": 151.78890117009482,
            "count": 15
        },
        "MoveToTarget.Losses.ValueLoss.sum": {
            "value": 3.5579055696725845,
            "min": 2.7760020246108374,
            "max": 151.78890117009482,
            "count": 15
        },
        "MoveToTarget.Policy.LearningRate.mean": {
            "value": 3.7890987370000087e-06,
            "min": 3.7890987370000087e-06,
            "max": 0.0002802576065808,
            "count": 15
        },
        "MoveToTarget.Policy.LearningRate.sum": {
            "value": 3.7890987370000087e-06,
            "min": 3.7890987370000087e-06,
            "max": 0.0002802576065808,
            "count": 15
        },
        "MoveToTarget.Policy.Epsilon.mean": {
            "value": 0.101263,
            "min": 0.101263,
            "max": 0.1934192,
            "count": 15
        },
        "MoveToTarget.Policy.Epsilon.sum": {
            "value": 0.101263,
            "min": 0.101263,
            "max": 0.1934192,
            "count": 15
        },
        "MoveToTarget.Policy.Beta.mean": {
            "value": 1.6188700000000013e-05,
            "min": 1.6188700000000013e-05,
            "max": 0.00046775408,
            "count": 15
        },
        "MoveToTarget.Policy.Beta.sum": {
            "value": 1.6188700000000013e-05,
            "min": 1.6188700000000013e-05,
            "max": 0.00046775408,
            "count": 15
        },
        "MoveToTarget.Policy.GAILPolicyEstimate.mean": {
            "value": 0.20146581282218298,
            "min": 0.20146581282218298,
            "max": 0.2569534666836262,
            "count": 15
        },
        "MoveToTarget.Policy.GAILPolicyEstimate.sum": {
            "value": 0.20146581282218298,
            "min": 0.20146581282218298,
            "max": 0.2569534666836262,
            "count": 15
        },
        "MoveToTarget.Policy.GAILExpertEstimate.mean": {
            "value": 0.8726966629425684,
            "min": 0.8423810750246048,
            "max": 0.8726966629425684,
            "count": 15
        },
        "MoveToTarget.Policy.GAILExpertEstimate.sum": {
            "value": 0.8726966629425684,
            "min": 0.8423810750246048,
            "max": 0.8726966629425684,
            "count": 15
        },
        "MoveToTarget.Losses.GAILLoss.mean": {
            "value": 0.3886283120761315,
            "min": 0.3886283120761315,
            "max": 0.518138692403833,
            "count": 15
        },
        "MoveToTarget.Losses.GAILLoss.sum": {
            "value": 0.3886283120761315,
            "min": 0.3886283120761315,
            "max": 0.518138692403833,
            "count": 15
        },
        "MoveToTarget.Policy.GAILGradMagLoss.mean": {
            "value": 0.12912870679671565,
            "min": 0.12912870679671565,
            "max": 0.34195061804105836,
            "count": 15
        },
        "MoveToTarget.Policy.GAILGradMagLoss.sum": {
            "value": 0.12912870679671565,
            "min": 0.12912870679671565,
            "max": 0.34195061804105836,
            "count": 15
        },
        "MoveToTarget.Losses.PretrainingLoss.mean": {
            "value": 0.023737994333108265,
            "min": 0.023737994333108265,
            "max": 0.03285177672902743,
            "count": 15
        },
        "MoveToTarget.Losses.PretrainingLoss.sum": {
            "value": 0.023737994333108265,
            "min": 0.023737994333108265,
            "max": 0.03285177672902743,
            "count": 15
        }
    },
    "metadata": {
        "timer_format_version": "0.1.0",
        "start_time_seconds": "1732016694",
        "python_version": "3.10.11 (tags/v3.10.11:7d4cc5a, Apr  5 2023, 00:38:17) [MSC v.1929 64 bit (AMD64)]",
        "command_line_arguments": "C:\\Users\\Kriszti\\Desktop\\TeachAi\\venv\\Scripts\\mlagents-learn config/MoveToGoal.yaml --initialize-from=MoveToGoal28 --run-id=MoveToGoal32",
        "mlagents_version": "1.1.0",
        "mlagents_envs_version": "1.1.0",
        "communication_protocol_version": "1.5.0",
        "pytorch_version": "2.5.1+cpu",