{
    "name": "root",
    "gauges": {
        "MoveToTarget.Policy.Entropy.mean": {
            "value": 0.12025788426399231,
            "min": 0.08006250113248825,
            "max": 0.23433424532413483,
            "count": 996
        },
        "MoveToTarget.Policy.Entropy.sum": {
            "value": 101.97868347167969,
            "min": 17.929214477539062,
            "max": 406.655517578125,
            "count": 996
        },
        "MoveToTarget.Step.mean": {
            "value": 999900.0,
            "min": 896.0,
            "max": 999900.0,
            "count": 1000
        },
        "MoveToTarget.Step.sum": {
            "value": 999900.0,
            "min": 896.0,
            "max": 999900.0,
            "count": 1000
        },
        "MoveToTarget.Policy.ExtrinsicValueEstimate.mean": {
            "value": 198.2689666748047,
            "min": 31.985210418701172,
            "max": 225.6162109375,
            "count": 1000
        },
        "MoveToTarget.Policy.ExtrinsicValueEstimate.sum": {
            "value": 1784.420654296875,
            "min": 241.00274658203125,
            "max": 2256.162109375,
            "count": 1000
        },
        "MoveToTarget.Policy.GailValueEstimate.mean": {
            "value": 11.744345664978027,
            "min": 9.516950607299805,
            "max": 22.71286964416504,
            "count": 1000
        },
        "MoveToTarget.Policy.GailValueEstimate.sum": {
            "value": 105.69911193847656,
            "min": 70.5015869140625,
            "max": 178.77040100097656,
            "count": 1000
        },
        "MoveToTarget.IsTraining.mean": {
            "value": 1.0,
            "min": 1.0,
            "max": 1.0,
            "count": 1000
        },
        "MoveToTarget.IsTraining.sum": {
            "value": 1.0,
            "min": 1.0,
            "max": 1.0,
            "count": 1000
        },
        "MoveToTarget.Environment.EpisodeLength.mean": {
            "value": 413.6666666666667,
            "min": 139.0,
            "max": 25534.5,
            "count": 696
        },
        "MoveToTarget.Environment.EpisodeLength.sum": {
            "value": 1241.0,
            "min": 139.0,
            "max": 51069.0,
            "count": 696
        },
        "MoveToTarget.Environment.CumulativeReward.mean": {
            "value": 1073.3,
            "min": 89.0,
            "max": 5882.0,
            "count": 705
        },
        "MoveToTarget.Environment.CumulativeReward.sum": {
            "value": 5366.5,
            "min": 89.0,
            "max": 10032.0,
            "count": 705
        },
        "MoveToTarget.Policy.ExtrinsicReward.mean": {
            "value": 1073.3,
            "min": 89.0,
            "max": 5882.0,
            "count": 705
        },
        "MoveToTarget.Policy.ExtrinsicReward.sum": {
            "value": 5366.5,
            "min": 89.0,
            "max": 10032.0,
            "count": 705
        },
        "MoveToTarget.Policy.GailReward.mean": {
            "value": 64.68844744563103,
            "min": 13.897350192070007,
            "max": 2640.0723729133606,
            "count": 705
        },
        "MoveToTarget.Policy.GailReward.sum": {
            "value": 323.44223722815514,
            "min": 13.897350192070007,
            "max": 5280.144745826721,
            "count": 705
        },
        "MoveToTarget.Losses.PolicyLoss.mean": {
            "value": 0.011177962983614028,
            "min": 0.009457037506460134,
            "max": 0.01452132007276911,
            "count": 15
        },
        "MoveToTarget.Losses.PolicyLoss.sum": {
            "value": 0.011177962983614028,
            "min": 0.009457037506460134,
            "max": 0.01452132007276911,
            "count": 15
        },
        "MoveToTarget.Losses.ValueLoss.mean": {
            "value": 2520.1853383382163,
            "min": 1301.2261352539062,
            "max": 2721.3033905029297,
            "count": 15
        },
        "MoveToTarget.Losses.ValueLoss.sum": {
            "value": 2520.1853383382163,
            "min": 1301.2261352539062,
            "max": 2721.3033905029297,
            "count": 15
        },
        "MoveToTarget.Policy.LearningRate.mean": {
            "value": 4.589498470200011e-06,
            "min": 4.589498470200011e-06,
            "max": 0.0002803281065573,
            "count": 15
        },
        "MoveToTarget.Policy.LearningRate.sum": {
            "value": 4.589498470200011e-06,
            "min": 4.589498470200011e-06,
            "max": 0.0002803281065573,
            "count": 15
        },
        "MoveToTarget.Policy.Epsilon.mean": {
            "value": 0.1015298,
            "min": 0.1015298,
            "max": 0.19344270000000005,
            "count": 15
        },
        "MoveToTarget.Policy.Epsilon.sum": {
            "value": 0.1015298,
            "min": 0.1015298,
            "max": 0.19344270000000005,
            "count": 15
        },
        "MoveToTarget.Policy.Beta.mean": {
            "value": 1.7496020000000015e-05,
            "min": 1.7496020000000015e-05,
            "max": 0.00046786923,
            "count": 15
        },
        "MoveToTarget.Policy.Beta.sum": {
            "value": 1.7496020000000015e-05,
            "min": 1.7496020000000015e-05,
            "max": 0.00046786923,
            "count": 15
        },
        "MoveToTarget.Policy.GAILPolicyEstimate.mean": {
            "value": 0.18056529512008032,
            "min": 0.17847717739641666,
            "max": 0.19713579677045345,
            "count": 15
        },
        "MoveToTarget.Policy.GAILPolicyEstimate.sum": {
            "value": 0.18056529512008032,
            "min": 0.17847717739641666,
            "max": 0.19713579677045345,
            "count": 15
        },
        "MoveToTarget.Policy.GAILExpertEstimate.mean": {
            "value": 0.8776729094485441,
            "min": 0.8738019416729609,
            "max": 0.8843231946229935,
            "count": 15
        },
        "MoveToTarget.Policy.GAILExpertEstimate.sum": {
            "value": 0.8776729094485441,
            "min": 0.8738019416729609,
            "max": 0.8843231946229935,
            "count": 15
        },
        "MoveToTarget.Losses.GAILLoss.mean": {
            "value": 0.3756166708966096,
            "min": 0.35993546930452186,
            "max": 0.3946042700360219,
            "count": 15
        },
        "MoveToTarget.Losses.GAILLoss.sum": {
            "value": 0.3756166708966096,
            "min": 0.35993546930452186,
            "max": 0.3946042700360219,
            "count": 15
        },
        "MoveToTarget.Policy.GAILGradMagLoss.mean": {
            "value": 0.09940745790178578,
            "min": 0.09940745790178578,
            "max": 0.21275965233022967,
            "count": 15
        },
        "MoveToTarget.Policy.GAILGradMagLoss.sum": {
            "value": 0.09940745790178578,
            "min": 0.09940745790178578,
            "max": 0.21275965233022967,
            "count": 15
        },
        "MoveToTarget.Losses.PretrainingLoss.mean": {
            "value": 0.014286276884377003,
            "min": 0.014286276884377003,
            "max": 0.017453682298461597,
            "count": 15
        },
        "MoveToTarget.Losses.PretrainingLoss.sum": {
            "value": 0.014286276884377003,
            "min": 0.014286276884377003,
            "max": 0.017453682298461597,
            "count": 15
        }
    },
    "metadata": {
        "timer_format_version": "0.1.0",
        "start_time_seconds": "1732043788",
        "python_version": "3.10.11 (tags/v3.10.11:7d4cc5a, Apr  5 2023, 00:38:17) [MSC v.1929 64 bit (AMD64)]",
        "command_line_arguments": "C:\\Users\\Kriszti\\Desktop\\TeachAi\\venv\\Scripts\\mlagents-learn config/MoveToGoal.yaml --initialize-from=MoveToGoal37 --run-id=MoveToGoal38",
        "mlagents_version": "1.1.0",
        "mlagents_envs_version": "1.1.0",
        "communication_protocol_version": "1.5.0",