{
    "name": "root",
    "gauges": {
        "MoveToTarget.Policy.Entropy.mean": {
            "value": 0.1017250046133995,
            "min": 0.06732495874166489,
            "max": 0.4749690890312195,
            "count": 500
        },
        "MoveToTarget.Policy.Entropy.sum": {
            "value": 208.3328094482422,
            "min": 136.674072265625,
            "max": 972.7366943359375,
            "count": 500
        },
        "MoveToTarget.Step.mean": {
            "value": 999952.0,
            "min": 896.0,
            "max": 999952.0,
            "count": 1000
        },
        "MoveToTarget.Step.sum": {
            "value": 999952.0,
            "min": 896.0,
            "max": 999952.0,
            "count": 1000
        },
        "MoveToTarget.Policy.ExtrinsicValueEstimate.mean": {
            "value": 9.418611526489258,
            "min": -3.0476927757263184,
            "max": 17.62725830078125,
            "count": 1000
        },
        "MoveToTarget.Policy.ExtrinsicValueEstimate.sum": {
            "value": 75.34889221191406,
            "min": -26.6871280670166,
            "max": 141.01806640625,
            "count": 1000
        },
        "MoveToTarget.Policy.GailValueEstimate.mean": {
            "value": 15.996910095214844,
            "min": 7.015140056610107,
            "max": 25.14507293701172,
            "count": 1000
        },
        "MoveToTarget.Policy.GailValueEstimate.sum": {
            "value": 127.97528076171875,
            "min": 49.105979919433594,
            "max": 222.85589599609375,
            "count": 1000
        },
        "MoveToTarget.IsTraining.mean": {
            "value": 1.0,
            "min": 1.0,
            "max": 1.0,
            "count": 1000
        },
        "MoveToTarget.IsTraining.sum": {
            "value": 1.0,
            "min": 1.0,
            "max": 1.0,
            "count": 1000
        },
        "MoveToTarget.Environment.EpisodeLength.mean": {
            "value": 999.0,
            "min": 999.0,
            "max": 1000.0,
            "count": 62
        },
        "MoveToTarget.Environment.EpisodeLength.sum": {
            "value": 15984.0,
            "min": 15984.0,
            "max": 16000.0,
            "count": 62
        },
        "MoveToTarget.Environment.CumulativeReward.mean": {
            "value": 0.0,
            "min": -145.0,
            "max": 831.8333333333334,
            "count": 186
        },
        "MoveToTarget.Environment.CumulativeReward.sum": {
            "value": 0.0,
            "min": -235.0,
            "max": 4991.0,
            "count": 186
        },
        "MoveToTarget.Policy.ExtrinsicReward.mean": {
            "value": 0.0,
            "min": -145.0,
            "max": 831.8333333333334,
            "count": 186
        },
        "MoveToTarget.Policy.ExtrinsicReward.sum": {
            "value": 0.0,
            "min": -235.0,
            "max": 4991.0,
            "count": 186
        },
        "MoveToTarget.Policy.GailReward.mean": {
            "value": 150.47881412506104,
            "min": 48.430846214294434,
            "max": 518.7512969970703,
            "count": 186
        },
        "MoveToTarget.Policy.GailReward.sum": {
            "value": 150.47881412506104,
            "min": 48.430846214294434,
            "max": 2476.405348777771,
            "count": 186
        },
        "MoveToTarget.Losses.PolicyLoss.mean": {
            "value": 0.014672442769248542,
            "min": 0.009639192197937518,
            "max": 0.014672442769248542,
            "count": 15
        },
        "MoveToTarget.Losses.PolicyLoss.sum": {
            "value": 0.014672442769248542,
            "min": 0.009639192197937518,
            "max": 0.014672442769248542,
            "count": 15
        },
        "MoveToTarget.Losses.ValueLoss.mean": {
            "value": 179.96092907587686,
            "min": 8.138395766417185,
            "max": 753.917054494222,
            "count": 15
        },
        "MoveToTarget.Losses.ValueLoss.sum": {
            "value": 179.96092907587686,
            "min": 8.138395766417185,
            "max": 753.917054494222,
            "count": 15
        },
        "MoveToTarget.Policy.LearningRate.mean": {
            "value": 2.8944990351999967e-06,
            "min": 2.8944990351999967e-06,
            "max": 0.0002801808066064,
            "count": 15
        },
        "MoveToTarget.Policy.LearningRate.sum": {
            "value": 2.8944990351999967e-06,
            "min": 2.8944990351999967e-06,
            "max": 0.0002801808066064,
            "count": 15
        },
        "MoveToTarget.Policy.Epsilon.mean": {
            "value": 0.10096480000000001,
            "min": 0.10096480000000001,
            "max": 0.19339360000000003,
            "count": 15
        },
        "MoveToTarget.Policy.Epsilon.sum": {
            "value": 0.10096480000000001,
            "min": 0.10096480000000001,
            "max": 0.19339360000000003,
            "count": 15
        },
        "MoveToTarget.Policy.Beta.mean": {
            "value": 1.4727519999999994e-05,
            "min": 1.4727519999999994e-05,
            "max": 0.00046762864,
            "count": 15
        },
        "MoveToTarget.Policy.Beta.sum": {
            "value": 1.4727519999999994e-05,
            "min": 1.4727519999999994e-05,
            "max": 0.00046762864,
            "count": 15
        },
        "MoveToTarget.Policy.GAILPolicyEstimate.mean": {
            "value": 0.24384079004327455,
            "min": 0.22194820021589598,
            "max": 0.30740352161228657,
            "count": 15
        },
        "MoveToTarget.Policy.GAILPolicyEstimate.sum": {
            "value": 0.24384079004327455,
            "min": 0.22194820021589598,
            "max": 0.30740352161228657,
            "count": 15
        },
        "MoveToTarget.Policy.GAILExpertEstimate.mean": {
            "value": 0.8068417919178804,
            "min": 0.7495053758223852,
            "max": 0.8276734078923861,
            "count": 15
        },
        "MoveToTarget.Policy.GAILExpertEstimate.sum": {
            "value": 0.8068417919178804,
            "min": 0.7495053758223852,
            "max": 0.8276734078923861,
            "count": 15
        },
        "MoveToTarget.Losses.GAILLoss.mean": {
            "value": 0.5390662314991156,
            "min": 0.4863114145894845,
            "max": 0.7785335183143616,
            "count": 15
        },
        "MoveToTarget.Losses.GAILLoss.sum": {
            "value": 0.5390662314991156,
            "min": 0.4863114145894845,
            "max": 0.7785335183143616,
            "count": 15
        },
        "MoveToTarget.Policy.GAILGradMagLoss.mean": {
            "value": 0.1318046278320253,
            "min": 0.12667242468645176,
            "max": 0.500806853796045,
            "count": 15
        },
        "MoveToTarget.Policy.GAILGradMagLoss.sum": {
            "value": 0.1318046278320253,
            "min": 0.12667242468645176,
            "max": 0.500806853796045,
            "count": 15
        },
        "MoveToTarget.Losses.PretrainingLoss.mean": {
            "value": 0.03159526797632376,
            "min": 0.03159526797632376,
            "max": 0.13615796466668448,
            "count": 15
        },
        "MoveToTarget.Losses.PretrainingLoss.sum": {
            "value": 0.03159526797632376,
            "min": 0.03159526797632376,
            "max": 0.13615796466668448,
            "count": 15
        }
    },
    "metadata": {
        "timer_format_version": "0.1.0",
        "start_time_seconds": "1731953540",
        "python_version": "3.10.11 (tags/v3.10.11:7d4cc5a, Apr  5 2023, 00:38:17) [MSC v.1929 64 bit (AMD64)]",
        "command_line_arguments": "C:\\Users\\Kriszti\\Desktop\\TeachAi\\venv\\Scripts\\mlagents-learn config/MoveToGoal.yaml --initialize-from=MoveToGoal27 --run-id=MoveToGoal28",
        "mlagents_version": "1.1.0",
        "mlagents_envs_version": "1.1.0",