{
    "name": "root",
    "gauges": {
        "MoveToTarget.Policy.Entropy.mean": {
            "value": 0.06952252984046936,
            "min": 0.007876312360167503,
            "max": 0.1908494383096695,
            "count": 983
        },
        "MoveToTarget.Policy.Entropy.sum": {
            "value": 57.00847625732422,
            "min": 0.7844194769859314,
            "max": 229.01931762695312,
            "count": 983
        },
        "MoveToTarget.Step.mean": {
            "value": 999873.0,
            "min": 896.0,
            "max": 999873.0,
            "count": 1000
        },
        "MoveToTarget.Step.sum": {
            "value": 999873.0,
            "min": 896.0,
            "max": 999873.0,
            "count": 1000
        },
        "MoveToTarget.Policy.ExtrinsicValueEstimate.mean": {
            "value": 12.287872314453125,
            "min": -9.216012954711914,
            "max": 154.46563720703125,
            "count": 1000
        },
        "MoveToTarget.Policy.ExtrinsicValueEstimate.sum": {
            "value": 86.01510620117188,
            "min": -73.72810363769531,
            "max": 1395.1092529296875,
            "count": 1000
        },
        "MoveToTarget.Policy.GailValueEstimate.mean": {
            "value": 12.686782836914062,
            "min": 5.777675151824951,
            "max": 31.93360137939453,
            "count": 1000
        },
        "MoveToTarget.Policy.GailValueEstimate.sum": {
            "value": 88.80747985839844,
            "min": 46.102874755859375,
            "max": 287.40240478515625,
            "count": 1000
        },
        "MoveToTarget.IsTraining.mean": {
            "value": 1.0,
            "min": 1.0,
            "max": 1.0,
            "count": 1000
        },
        "MoveToTarget.IsTraining.sum": {
            "value": 1.0,
            "min": 1.0,
            "max": 1.0,
            "count": 1000
        },
        "MoveToTarget.Environment.EpisodeLength.mean": {
            "value": 1999.0,
            "min": 105.0,
            "max": 1999.0,
            "count": 498
        },
        "MoveToTarget.Environment.EpisodeLength.sum": {
            "value": 1999.0,
            "min": 105.0,
            "max": 26986.0,
            "count": 498
        },
        "MoveToTarget.Environment.CumulativeReward.mean": {
            "value": -10.0,
            "min": -1925.0,
            "max": 8195.0,
            "count": 496
        },
        "MoveToTarget.Environment.CumulativeReward.sum": {
            "value": -10.0,
            "min": -1925.0,
            "max": 11635.0,
            "count": 496
        },
        "MoveToTarget.Policy.ExtrinsicReward.mean": {
            "value": -10.0,
            "min": -1925.0,
            "max": 8195.0,
            "count": 496
        },
        "MoveToTarget.Policy.ExtrinsicReward.sum": {
            "value": -10.0,
            "min": -1925.0,
            "max": 11635.0,
            "count": 496
        },
        "MoveToTarget.Policy.GailReward.mean": {
            "value": 115.75252485275269,
            "min": 4.966028809547424,
            "max": 1158.0127258300781,
            "count": 496
        },
        "MoveToTarget.Policy.GailReward.sum": {
            "value": 115.75252485275269,
            "min": 4.966028809547424,
            "max": 4410.566460609436,
            "count": 496
        },
        "MoveToTarget.Losses.PolicyLoss.mean": {
            "value": 0.013445097008722465,
            "min": 0.009410624067944203,
            "max": 0.014145989480690938,
            "count": 15
        },
        "MoveToTarget.Losses.PolicyLoss.sum": {
            "value": 0.013445097008722465,
            "min": 0.009410624067944203,
            "max": 0.014145989480690938,
            "count": 15
        },
        "MoveToTarget.Losses.ValueLoss.mean": {
            "value": 561.5659332275391,
            "min": 361.28374036153156,
            "max": 862.9931704203287,
            "count": 15
        },
        "MoveToTarget.Losses.ValueLoss.sum": {
            "value": 561.5659332275391,
            "min": 361.28374036153156,
            "max": 862.9931704203287,
            "count": 15
        },
        "MoveToTarget.Policy.LearningRate.mean": {
            "value": 4.799498400199988e-06,
            "min": 4.799498400199988e-06,
            "max": 0.000280326006558,
            "count": 15
        },
        "MoveToTarget.Policy.LearningRate.sum": {
            "value": 4.799498400199988e-06,
            "min": 4.799498400199988e-06,
            "max": 0.000280326006558,
            "count": 15
        },
        "MoveToTarget.Policy.Epsilon.mean": {
            "value": 0.1015998,
            "min": 0.1015998,
            "max": 0.193442,
            "count": 15
        },
        "MoveToTarget.Policy.Epsilon.sum": {
            "value": 0.1015998,
            "min": 0.1015998,
            "max": 0.193442,
            "count": 15
        },
        "MoveToTarget.Policy.Beta.mean": {
            "value": 1.7839019999999977e-05,
            "min": 1.7839019999999977e-05,
            "max": 0.00046786580000000004,
            "count": 15
        },
        "MoveToTarget.Policy.Beta.sum": {
            "value": 1.7839019999999977e-05,
            "min": 1.7839019999999977e-05,
            "max": 0.00046786580000000004,
            "count": 15
        },
        "MoveToTarget.Policy.GAILPolicyEstimate.mean": {
            "value": 0.20557877141982317,
            "min": 0.18137854244560003,
            "max": 0.272444791548575,
            "count": 15
        },
        "MoveToTarget.Policy.GAILPolicyEstimate.sum": {
            "value": 0.20557877141982317,
            "min": 0.18137854244560003,
            "max": 0.272444791548575,
            "count": 15
        },
        "MoveToTarget.Policy.GAILExpertEstimate.mean": {
            "value": 0.8789607770740986,
            "min": 0.853852973630031,
            "max": 0.8826937352617582,
            "count": 15
        },
        "MoveToTarget.Policy.GAILExpertEstimate.sum": {
            "value": 0.8789607770740986,
            "min": 0.853852973630031,
            "max": 0.8826937352617582,
            "count": 15
        },
        "MoveToTarget.Losses.GAILLoss.mean": {
            "value": 0.39390950712064904,
            "min": 0.3668998144567013,
            "max": 0.5839672964066267,
            "count": 15
        },
        "MoveToTarget.Losses.GAILLoss.sum": {
            "value": 0.39390950712064904,
            "min": 0.3668998144567013,
            "max": 0.5839672964066267,
            "count": 15
        },
        "MoveToTarget.Policy.GAILGradMagLoss.mean": {
            "value": 0.1247159509609143,
            "min": 0.11689304963996013,
            "max": 0.5276040857036909,
            "count": 15
        },
        "MoveToTarget.Policy.GAILGradMagLoss.sum": {
            "value": 0.1247159509609143,
            "min": 0.11689304963996013,
            "max": 0.5276040857036909,
            "count": 15
        },
        "MoveToTarget.Losses.PretrainingLoss.mean": {
            "value": 0.016464092458287876,
            "min": 0.01536453670511643,
            "max": 0.019390054047107697,
            "count": 15
        },
        "MoveToTarget.Losses.PretrainingLoss.sum": {
            "value": 0.016464092458287876,
            "min": 0.01536453670511643,
            "max": 0.019390054047107697,
            "count": 15
        }
    },
    "metadata": {
        "timer_format_version": "0.1.0",
        "start_time_seconds": "1732188040",
        "python_version": "3.10.11 (tags/v3.10.11:7d4cc5a, Apr  5 2023, 00:38:17) [MSC v.1929 64 bit (AMD64)]",
        "command_line_arguments": "C:\\Users\\Kriszti\\Desktop\\TeachAi\\venv\\Scripts\\mlagents-learn config/MoveToGoal.yaml --initialize-from=MoveToGoal58 --run-id=MoveToGoal59",
        "mlagents_version": "1.1.0",
        "mlagents_envs_version": "1.1.0",
        "communication_protocol_version": "1.5.0",