{
    "name": "root",
    "gauges": {
        "MoveToTarget.Policy.Entropy.mean": {
            "value": 0.061180535703897476,
            "min": 0.009362070821225643,
            "max": 0.2414068728685379,
            "count": 741
        },
        "MoveToTarget.Policy.Entropy.sum": {
            "value": 99.84663391113281,
            "min": 3.7060132026672363,
            "max": 494.4012756347656,
            "count": 741
        },
        "MoveToTarget.Step.mean": {
            "value": 999987.0,
            "min": 896.0,
            "max": 999987.0,
            "count": 1000
        },
        "MoveToTarget.Step.sum": {
            "value": 999987.0,
            "min": 896.0,
            "max": 999987.0,
            "count": 1000
        },
        "MoveToTarget.Policy.ExtrinsicValueEstimate.mean": {
            "value": 30.507171630859375,
            "min": -91.08509826660156,
            "max": 92.80851745605469,
            "count": 1000
        },
        "MoveToTarget.Policy.ExtrinsicValueEstimate.sum": {
            "value": 244.057373046875,
            "min": -677.3759765625,
            "max": 937.7998657226562,
            "count": 1000
        },
        "MoveToTarget.Policy.GailValueEstimate.mean": {
            "value": 22.720863342285156,
            "min": 12.259987831115723,
            "max": 41.40601348876953,
            "count": 1000
        },
        "MoveToTarget.Policy.GailValueEstimate.sum": {
            "value": 181.76690673828125,
            "min": 98.07990264892578,
            "max": 673.0244750976562,
            "count": 1000
        },
        "MoveToTarget.IsTraining.mean": {
            "value": 1.0,
            "min": 1.0,
            "max": 1.0,
            "count": 1000
        },
        "MoveToTarget.IsTraining.sum": {
            "value": 1.0,
            "min": 1.0,
            "max": 1.0,
            "count": 1000
        },
        "MoveToTarget.Environment.EpisodeLength.mean": {
            "value": 1799.0,
            "min": 469.0,
            "max": 1800.0,
            "count": 172
        },
        "MoveToTarget.Environment.EpisodeLength.sum": {
            "value": 1799.0,
            "min": 469.0,
            "max": 27000.0,
            "count": 172
        },
        "MoveToTarget.Environment.CumulativeReward.mean": {
            "value": 0.0,
            "min": -430.0,
            "max": 8437.0,
            "count": 176
        },
        "MoveToTarget.Environment.CumulativeReward.sum": {
            "value": 0.0,
            "min": -1243.0,
            "max": 12537.0,
            "count": 176
        },
        "MoveToTarget.Policy.ExtrinsicReward.mean": {
            "value": 0.0,
            "min": -430.0,
            "max": 8437.0,
            "count": 176
        },
        "MoveToTarget.Policy.ExtrinsicReward.sum": {
            "value": 0.0,
            "min": -1243.0,
            "max": 12537.0,
            "count": 176
        },
        "MoveToTarget.Policy.GailReward.mean": {
            "value": 262.4732640981674,
            "min": 48.67415764927864,
            "max": 1938.6900125741959,
            "count": 176
        },
        "MoveToTarget.Policy.GailReward.sum": {
            "value": 262.4732640981674,
            "min": 48.67415764927864,
            "max": 11816.654609024525,
            "count": 176
        },
        "MoveToTarget.Losses.PolicyLoss.mean": {
            "value": 0.011488198250238687,
            "min": 0.008516911874418534,
            "max": 0.014035172102846142,
            "count": 15
        },
        "MoveToTarget.Losses.PolicyLoss.sum": {
            "value": 0.011488198250238687,
            "min": 0.008516911874418534,
            "max": 0.014035172102846142,
            "count": 15
        },
        "MoveToTarget.Losses.ValueLoss.mean": {
            "value": 423.8642864227295,
            "min": 83.22127072016399,
            "max": 645.4814999898275,
            "count": 15
        },
        "MoveToTarget.Losses.ValueLoss.sum": {
            "value": 423.8642864227295,
            "min": 83.22127072016399,
            "max": 645.4814999898275,
            "count": 15
        },
        "MoveToTarget.Policy.LearningRate.mean": {
            "value": 3.932798689100011e-06,
            "min": 3.932798689100011e-06,
            "max": 0.0002802786065738,
            "count": 15
        },
        "MoveToTarget.Policy.LearningRate.sum": {
            "value": 3.932798689100011e-06,
            "min": 3.932798689100011e-06,
            "max": 0.0002802786065738,
            "count": 15
        },
        "MoveToTarget.Policy.Epsilon.mean": {
            "value": 0.1013109,
            "min": 0.1013109,
            "max": 0.19342620000000002,
            "count": 15
        },
        "MoveToTarget.Policy.Epsilon.sum": {
            "value": 0.1013109,
            "min": 0.1013109,
            "max": 0.19342620000000002,
            "count": 15
        },
        "MoveToTarget.Policy.Beta.mean": {
            "value": 1.6423410000000017e-05,
            "min": 1.6423410000000017e-05,
            "max": 0.00046778838,
            "count": 15
        },
        "MoveToTarget.Policy.Beta.sum": {
            "value": 1.6423410000000017e-05,
            "min": 1.6423410000000017e-05,
            "max": 0.00046778838,
            "count": 15
        },
        "MoveToTarget.Policy.GAILPolicyEstimate.mean": {
            "value": 0.21942643200357756,
            "min": 0.19086816844840845,
            "max": 0.28648689404750866,
            "count": 15
        },
        "MoveToTarget.Policy.GAILPolicyEstimate.sum": {
            "value": 0.21942643200357756,
            "min": 0.19086816844840845,
            "max": 0.28648689404750866,
            "count": 15
        },
        "MoveToTarget.Policy.GAILExpertEstimate.mean": {
            "value": 0.8564016309877237,
            "min": 0.8321967124938965,
            "max": 0.8667250424623489,
            "count": 15
        },
        "MoveToTarget.Policy.GAILExpertEstimate.sum": {
            "value": 0.8564016309877237,
            "min": 0.8321967124938965,
            "max": 0.8667250424623489,
            "count": 15
        },
        "MoveToTarget.Losses.GAILLoss.mean": {
            "value": 0.4479571071763833,
            "min": 0.3995968072364728,
            "max": 0.6279208486278852,
            "count": 15
        },
        "MoveToTarget.Losses.GAILLoss.sum": {
            "value": 0.4479571071763833,
            "min": 0.3995968072364728,
            "max": 0.6279208486278852,
            "count": 15
        },
        "MoveToTarget.Policy.GAILGradMagLoss.mean": {
            "value": 0.1196386362425983,
            "min": 0.11736302295078833,
            "max": 0.554094155629476,
            "count": 15
        },
        "MoveToTarget.Policy.GAILGradMagLoss.sum": {
            "value": 0.1196386362425983,
            "min": 0.11736302295078833,
            "max": 0.554094155629476,
            "count": 15
        },
        "MoveToTarget.Losses.PretrainingLoss.mean": {
            "value": 0.022961278756459553,
            "min": 0.022961278756459553,
            "max": 0.15210987875858942,
            "count": 15
        },
        "MoveToTarget.Losses.PretrainingLoss.sum": {
            "value": 0.022961278756459553,
            "min": 0.022961278756459553,
            "max": 0.15210987875858942,
            "count": 15
        }
    },
    "metadata": {
        "timer_format_version": "0.1.0",
        "start_time_seconds": "1732100553",
        "python_version": "3.10.11 (tags/v3.10.11:7d4cc5a, Apr  5 2023, 00:38:17) [MSC v.1929 64 bit (AMD64)]",
        "command_line_arguments": "C:\\Users\\tamas\\Desktop\\TeachAi\\venv\\Scripts\\mlagents-learn config/MoveToGoal.yaml --initialize-from=MoveToGoal40 --run-id=MoveToGoal41",
        "mlagents_version": "1.1.0",
        "mlagents_envs_version": "1.1.0",
        "communication_protocol_version": "1.5.0",