{
    "name": "root",
    "gauges": {
        "MoveToTarget.Policy.Entropy.mean": {
            "value": 0.07029546797275543,
            "min": 0.07029546797275543,
            "max": 0.3112207055091858,
            "count": 391
        },
        "MoveToTarget.Policy.Entropy.sum": {
            "value": 143.96511840820312,
            "min": 22.721546173095703,
            "max": 637.3800048828125,
            "count": 391
        },
        "MoveToTarget.Step.mean": {
            "value": 740967.0,
            "min": 896.0,
            "max": 740967.0,
            "count": 741
        },
        "MoveToTarget.Step.sum": {
            "value": 740967.0,
            "min": 896.0,
            "max": 740967.0,
            "count": 741
        },
        "MoveToTarget.Policy.ExtrinsicValueEstimate.mean": {
            "value": 9.976235389709473,
            "min": -1.352026343345642,
            "max": 27.954463958740234,
            "count": 741
        },
        "MoveToTarget.Policy.ExtrinsicValueEstimate.sum": {
            "value": 79.80988311767578,
            "min": -10.816210746765137,
            "max": 206.43539428710938,
            "count": 741
        },
        "MoveToTarget.Policy.GailValueEstimate.mean": {
            "value": 6.5745086669921875,
            "min": 6.116372585296631,
            "max": 14.888975143432617,
            "count": 741
        },
        "MoveToTarget.Policy.GailValueEstimate.sum": {
            "value": 52.5960693359375,
            "min": 42.81460952758789,
            "max": 116.32421112060547,
            "count": 741
        },
        "MoveToTarget.IsTraining.mean": {
            "value": 1.0,
            "min": 1.0,
            "max": 1.0,
            "count": 741
        },
        "MoveToTarget.IsTraining.sum": {
            "value": 1.0,
            "min": 1.0,
            "max": 1.0,
            "count": 741
        },
        "MoveToTarget.Losses.PolicyLoss.mean": {
            "value": 0.010638059527991572,
            "min": 0.009053649380575735,
            "max": 0.013636100712271096,
            "count": 11
        },
        "MoveToTarget.Losses.PolicyLoss.sum": {
            "value": 0.010638059527991572,
            "min": 0.009053649380575735,
            "max": 0.013636100712271096,
            "count": 11
        },
        "MoveToTarget.Losses.ValueLoss.mean": {
            "value": 342.5496988296509,
            "min": 77.33299509684245,
            "max": 342.5496988296509,
            "count": 11
        },
        "MoveToTarget.Losses.ValueLoss.sum": {
            "value": 342.5496988296509,
            "min": 77.33299509684245,
            "max": 342.5496988296509,
            "count": 11
        },
        "MoveToTarget.Policy.LearningRate.mean": {
            "value": 7.943797352069996e-05,
            "min": 7.943797352069996e-05,
            "max": 0.00027972480675839996,
            "count": 11
        },
        "MoveToTarget.Policy.LearningRate.sum": {
            "value": 7.943797352069996e-05,
            "min": 7.943797352069996e-05,
            "max": 0.00027972480675839996,
            "count": 11
        },
        "MoveToTarget.Policy.Epsilon.mean": {
            "value": 0.1264793,
            "min": 0.1264793,
            "max": 0.1932416,
            "count": 11
        },
        "MoveToTarget.Policy.Epsilon.sum": {
            "value": 0.1264793,
            "min": 0.1264793,
            "max": 0.1932416,
            "count": 11
        },
        "MoveToTarget.Policy.Beta.mean": {
            "value": 0.00013974856999999998,
            "min": 0.00013974856999999998,
            "max": 0.00046688384,
            "count": 11
        },
        "MoveToTarget.Policy.Beta.sum": {
            "value": 0.00013974856999999998,
            "min": 0.00013974856999999998,
            "max": 0.00046688384,
            "count": 11
        },
        "MoveToTarget.Policy.GAILPolicyEstimate.mean": {
            "value": 0.1506509861598412,
            "min": 0.1399697856977582,
            "max": 0.15963066089898348,
            "count": 11
        },
        "MoveToTarget.Policy.GAILPolicyEstimate.sum": {
            "value": 0.1506509861598412,
            "min": 0.1399697856977582,
            "max": 0.15963066089898348,
            "count": 11
        },
        "MoveToTarget.Policy.GAILExpertEstimate.mean": {
            "value": 0.8880581545333067,
            "min": 0.8701849691569805,
            "max": 0.8887280573447546,
            "count": 11
        },
        "MoveToTarget.Policy.GAILExpertEstimate.sum": {
            "value": 0.8880581545333067,
            "min": 0.8701849691569805,
            "max": 0.8887280573447546,
            "count": 11
        },
        "MoveToTarget.Losses.GAILLoss.mean": {
            "value": 0.31641363228360814,
            "min": 0.2993342609455188,
            "max": 0.35182703969379264,
            "count": 11
        },
        "MoveToTarget.Losses.GAILLoss.sum": {
            "value": 0.31641363228360814,
            "min": 0.2993342609455188,
            "max": 0.35182703969379264,
            "count": 11
        },
        "MoveToTarget.Policy.GAILGradMagLoss.mean": {
            "value": 0.12816243447984257,
            "min": 0.12274435767903924,
            "max": 0.30006893165409565,
            "count": 11
        },
        "MoveToTarget.Policy.GAILGradMagLoss.sum": {
            "value": 0.12816243447984257,
            "min": 0.12274435767903924,
            "max": 0.30006893165409565,
            "count": 11
        },
        "MoveToTarget.Losses.PretrainingLoss.mean": {
            "value": 0.027897279088695843,
            "min": 0.02755611514051755,
            "max": 0.036026751001675926,
            "count": 11
        },
        "MoveToTarget.Losses.PretrainingLoss.sum": {
            "value": 0.027897279088695843,
            "min": 0.02755611514051755,
            "max": 0.036026751001675926,
            "count": 11
        },
        "MoveToTarget.Environment.EpisodeLength.mean": {
            "value": 5745.0,
            "min": 5745.0,
            "max": 17036.0,
            "count": 3
        },
        "MoveToTarget.Environment.EpisodeLength.sum": {
            "value": 5745.0,
            "min": 5745.0,
            "max": 17036.0,
            "count": 3
        },
        "MoveToTarget.Environment.CumulativeReward.mean": {
            "value": 6785.0,
            "min": 6785.0,
            "max": 17281.0,
            "count": 3
        },
        "MoveToTarget.Environment.CumulativeReward.sum": {
            "value": 6785.0,
            "min": 6785.0,
            "max": 17281.0,
            "count": 3
        },
        "MoveToTarget.Policy.ExtrinsicReward.mean": {
            "value": 6785.0,
            "min": 6785.0,
            "max": 17281.0,
            "count": 3
        },
        "MoveToTarget.Policy.ExtrinsicReward.sum": {
            "value": 6785.0,
            "min": 6785.0,
            "max": 17281.0,
            "count": 3
        },
        "MoveToTarget.Policy.GailReward.mean": {
            "value": 1856.0669860839844,
            "min": 1856.0669860839844,
            "max": 4743.790749549866,
            "count": 3
        },
        "MoveToTarget.Policy.GailReward.sum": {
            "value": 1856.0669860839844,
            "min": 1856.0669860839844,
            "max": 4743.790749549866,
            "count": 3
        }
    },
    "metadata": {
        "timer_format_version": "0.1.0",
        "start_time_seconds": "1731961300",
        "python_version": "3.10.11 (tags/v3.10.11:7d4cc5a, Apr  5 2023, 00:38:17) [MSC v.1929 64 bit (AMD64)]",
        "command_line_arguments": "C:\\Users\\Kriszti\\Desktop\\TeachAi\\venv\\Scripts\\mlagents-learn config/MoveToGoal.yaml --initialize-from=MoveToGoal29 --run-id=MoveToGoal30",
        "mlagents_version": "1.1.0",
        "mlagents_envs_version": "1.1.0",
        "communication_protocol_version": "1.5.0",