{
    "name": "root",
    "gauges": {
        "MoveToTarget.Policy.Entropy.mean": {
            "value": 0.33939191699028015,
            "min": 0.07821089029312134,
            "max": 0.5257146954536438,
            "count": 449
        },
        "MoveToTarget.Policy.Entropy.sum": {
            "value": 590.5419311523438,
            "min": 108.90546417236328,
            "max": 1279.603759765625,
            "count": 449
        },
        "MoveToTarget.Step.mean": {
            "value": 999979.0,
            "min": 896.0,
            "max": 999979.0,
            "count": 1000
        },
        "MoveToTarget.Step.sum": {
            "value": 999979.0,
            "min": 896.0,
            "max": 999979.0,
            "count": 1000
        },
        "MoveToTarget.Policy.ExtrinsicValueEstimate.mean": {
            "value": 3.103261947631836,
            "min": -10.868326187133789,
            "max": 10.618415832519531,
            "count": 1000
        },
        "MoveToTarget.Policy.ExtrinsicValueEstimate.sum": {
            "value": 31.03261947631836,
            "min": -91.33851623535156,
            "max": 85.86373138427734,
            "count": 1000
        },
        "MoveToTarget.Policy.GailValueEstimate.mean": {
            "value": 15.47015380859375,
            "min": 8.181792259216309,
            "max": 29.09697723388672,
            "count": 1000
        },
        "MoveToTarget.Policy.GailValueEstimate.sum": {
            "value": 154.7015380859375,
            "min": 64.10662078857422,
            "max": 232.90269470214844,
            "count": 1000
        },
        "MoveToTarget.IsTraining.mean": {
            "value": 1.0,
            "min": 1.0,
            "max": 1.0,
            "count": 1000
        },
        "MoveToTarget.IsTraining.sum": {
            "value": 1.0,
            "min": 1.0,
            "max": 1.0,
            "count": 1000
        },
        "MoveToTarget.Environment.EpisodeLength.mean": {
            "value": 999.0,
            "min": 216.0,
            "max": 1000.0,
            "count": 101
        },
        "MoveToTarget.Environment.EpisodeLength.sum": {
            "value": 18981.0,
            "min": 216.0,
            "max": 20000.0,
            "count": 101
        },
        "MoveToTarget.Environment.CumulativeReward.mean": {
            "value": -16.5,
            "min": -97.88888888888889,
            "max": 4558.0,
            "count": 153
        },
        "MoveToTarget.Environment.CumulativeReward.sum": {
            "value": -165.0,
            "min": -881.0,
            "max": 4558.0,
            "count": 153
        },
        "MoveToTarget.Policy.ExtrinsicReward.mean": {
            "value": -16.5,
            "min": -97.88888888888889,
            "max": 4558.0,
            "count": 153
        },
        "MoveToTarget.Policy.ExtrinsicReward.sum": {
            "value": -165.0,
            "min": -881.0,
            "max": 4558.0,
            "count": 153
        },
        "MoveToTarget.Policy.GailReward.mean": {
            "value": 140.93881499767303,
            "min": 30.03454554080963,
            "max": 695.4258460998535,
            "count": 153
        },
        "MoveToTarget.Policy.GailReward.sum": {
            "value": 1409.3881499767303,
            "min": 30.03454554080963,
            "max": 2707.648741722107,
            "count": 153
        },
        "MoveToTarget.Losses.PolicyLoss.mean": {
            "value": 0.014811000440658972,
            "min": 0.011045318550410835,
            "max": 0.016236007328795193,
            "count": 14
        },
        "MoveToTarget.Losses.PolicyLoss.sum": {
            "value": 0.014811000440658972,
            "min": 0.011045318550410835,
            "max": 0.016236007328795193,
            "count": 14
        },
        "MoveToTarget.Losses.ValueLoss.mean": {
            "value": 172.0151416460673,
            "min": 6.117886612812678,
            "max": 449.77215576171875,
            "count": 14
        },
        "MoveToTarget.Losses.ValueLoss.sum": {
            "value": 172.0151416460673,
            "min": 6.117886612812678,
            "max": 449.77215576171875,
            "count": 14
        },
        "MoveToTarget.Policy.LearningRate.mean": {
            "value": 1.647909450700001e-05,
            "min": 1.647909450700001e-05,
            "max": 0.0002797038067654,
            "count": 14
        },
        "MoveToTarget.Policy.LearningRate.sum": {
            "value": 1.647909450700001e-05,
            "min": 1.647909450700001e-05,
            "max": 0.0002797038067654,
            "count": 14
        },
        "MoveToTarget.Policy.Epsilon.mean": {
            "value": 0.10549300000000002,
            "min": 0.10549300000000002,
            "max": 0.1932346,
            "count": 14
        },
        "MoveToTarget.Policy.Epsilon.sum": {
            "value": 0.10549300000000002,
            "min": 0.10549300000000002,
            "max": 0.1932346,
            "count": 14
        },
        "MoveToTarget.Policy.Beta.mean": {
            "value": 3.6915700000000017e-05,
            "min": 3.6915700000000017e-05,
            "max": 0.00046684954000000004,
            "count": 14
        },
        "MoveToTarget.Policy.Beta.sum": {
            "value": 3.6915700000000017e-05,
            "min": 3.6915700000000017e-05,
            "max": 0.00046684954000000004,
            "count": 14
        },
        "MoveToTarget.Policy.GAILPolicyEstimate.mean": {
            "value": 0.24233838015546402,
            "min": 0.21494685485959053,
            "max": 0.283186553666989,
            "count": 14
        },
        "MoveToTarget.Policy.GAILPolicyEstimate.sum": {
            "value": 0.24233838015546402,
            "min": 0.21494685485959053,
            "max": 0.283186553666989,
            "count": 14
        },
        "MoveToTarget.Policy.GAILExpertEstimate.mean": {
            "value": 0.7788615872462591,
            "min": 0.760208286345005,
            "max": 0.8090870815018812,
            "count": 14
        },
        "MoveToTarget.Policy.GAILExpertEstimate.sum": {
            "value": 0.7788615872462591,
            "min": 0.760208286345005,
            "max": 0.8090870815018812,
            "count": 14
        },
        "MoveToTarget.Losses.GAILLoss.mean": {
            "value": 0.5851459689438343,
            "min": 0.495587853093942,
            "max": 0.6495594705144564,
            "count": 14
        },
        "MoveToTarget.Losses.GAILLoss.sum": {
            "value": 0.5851459689438343,
            "min": 0.495587853093942,
            "max": 0.6495594705144564,
            "count": 14
        },
        "MoveToTarget.Policy.GAILGradMagLoss.mean": {
            "value": 0.11773218198989828,
            "min": 0.11581172064567606,
            "max": 0.23236739976952472,
            "count": 14
        },
        "MoveToTarget.Policy.GAILGradMagLoss.sum": {
            "value": 0.11773218198989828,
            "min": 0.11581172064567606,
            "max": 0.23236739976952472,
            "count": 14
        },
        "MoveToTarget.Losses.PretrainingLoss.mean": {
            "value": 0.11213437964518864,
            "min": 0.03694093103210131,
            "max": 0.5357316931088766,
            "count": 14
        },
        "MoveToTarget.Losses.PretrainingLoss.sum": {
            "value": 0.11213437964518864,
            "min": 0.03694093103210131,
            "max": 0.5357316931088766,
            "count": 14
        }
    },
    "metadata": {
        "timer_format_version": "0.1.0",
        "start_time_seconds": "1731944612",
        "python_version": "3.10.11 (tags/v3.10.11:7d4cc5a, Apr  5 2023, 00:38:17) [MSC v.1929 64 bit (AMD64)]",
        "command_line_arguments": "C:\\Users\\Kriszti\\Desktop\\TeachAi\\venv\\Scripts\\mlagents-learn config/MoveToGoal.yaml --initialize-from=MoveToGoal24 --run-id=MoveToGoal25",
        "mlagents_version": "1.1.0",
        "mlagents_envs_version": "1.1.0",