{
    "name": "root",
    "gauges": {
        "MoveToTarget.Policy.Entropy.mean": {
            "value": 0.017556509003043175,
            "min": 0.007414465304464102,
            "max": 0.14935941994190216,
            "count": 987
        },
        "MoveToTarget.Policy.Entropy.sum": {
            "value": 9.129384994506836,
            "min": 0.8297552466392517,
            "max": 268.6672058105469,
            "count": 987
        },
        "MoveToTarget.Step.mean": {
            "value": 999947.0,
            "min": 896.0,
            "max": 999947.0,
            "count": 1000
        },
        "MoveToTarget.Step.sum": {
            "value": 999947.0,
            "min": 896.0,
            "max": 999947.0,
            "count": 1000
        },
        "MoveToTarget.Policy.ExtrinsicValueEstimate.mean": {
            "value": 59.59819412231445,
            "min": -9.206160545349121,
            "max": 283.2288818359375,
            "count": 1000
        },
        "MoveToTarget.Policy.ExtrinsicValueEstimate.sum": {
            "value": 476.7855529785156,
            "min": -73.64928436279297,
            "max": 2265.8310546875,
            "count": 1000
        },
        "MoveToTarget.Policy.GailValueEstimate.mean": {
            "value": 8.542388916015625,
            "min": 4.919539451599121,
            "max": 16.986774444580078,
            "count": 1000
        },
        "MoveToTarget.Policy.GailValueEstimate.sum": {
            "value": 68.339111328125,
            "min": 34.43677520751953,
            "max": 149.05780029296875,
            "count": 1000
        },
        "MoveToTarget.IsTraining.mean": {
            "value": 1.0,
            "min": 1.0,
            "max": 1.0,
            "count": 1000
        },
        "MoveToTarget.IsTraining.sum": {
            "value": 1.0,
            "min": 1.0,
            "max": 1.0,
            "count": 1000
        },
        "MoveToTarget.Environment.EpisodeLength.mean": {
            "value": 2999.0,
            "min": 99.0,
            "max": 3000.0,
            "count": 392
        },
        "MoveToTarget.Environment.EpisodeLength.sum": {
            "value": 2999.0,
            "min": 99.0,
            "max": 24000.0,
            "count": 392
        },
        "MoveToTarget.Environment.CumulativeReward.mean": {
            "value": -90.0,
            "min": -1173.0,
            "max": 14996.0,
            "count": 396
        },
        "MoveToTarget.Environment.CumulativeReward.sum": {
            "value": -90.0,
            "min": -1173.0,
            "max": 17278.0,
            "count": 396
        },
        "MoveToTarget.Policy.ExtrinsicReward.mean": {
            "value": -90.0,
            "min": -1173.0,
            "max": 14996.0,
            "count": 396
        },
        "MoveToTarget.Policy.ExtrinsicReward.sum": {
            "value": -90.0,
            "min": -1173.0,
            "max": 17278.0,
            "count": 396
        },
        "MoveToTarget.Policy.GailReward.mean": {
            "value": 110.63650965690613,
            "min": 4.029374599456787,
            "max": 1760.0421142578125,
            "count": 396
        },
        "MoveToTarget.Policy.GailReward.sum": {
            "value": 110.63650965690613,
            "min": 4.029374599456787,
            "max": 3990.5087888240814,
            "count": 396
        },
        "MoveToTarget.Losses.PolicyLoss.mean": {
            "value": 0.013760987606171208,
            "min": 0.010567361568973865,
            "max": 0.013957865463453345,
            "count": 15
        },
        "MoveToTarget.Losses.PolicyLoss.sum": {
            "value": 0.013760987606171208,
            "min": 0.010567361568973865,
            "max": 0.013957865463453345,
            "count": 15
        },
        "MoveToTarget.Losses.ValueLoss.mean": {
            "value": 389.56966400146484,
            "min": 389.56966400146484,
            "max": 932.4802678426107,
            "count": 15
        },
        "MoveToTarget.Losses.ValueLoss.sum": {
            "value": 389.56966400146484,
            "min": 389.56966400146484,
            "max": 932.4802678426107,
            "count": 15
        },
        "MoveToTarget.Policy.LearningRate.mean": {
            "value": 4.656398447900003e-06,
            "min": 4.656398447900003e-06,
            "max": 0.00028031520656159997,
            "count": 15
        },
        "MoveToTarget.Policy.LearningRate.sum": {
            "value": 4.656398447900003e-06,
            "min": 4.656398447900003e-06,
            "max": 0.00028031520656159997,
            "count": 15
        },
        "MoveToTarget.Policy.Epsilon.mean": {
            "value": 0.10155210000000002,
            "min": 0.10155210000000002,
            "max": 0.1934384,
            "count": 15
        },
        "MoveToTarget.Policy.Epsilon.sum": {
            "value": 0.10155210000000002,
            "min": 0.10155210000000002,
            "max": 0.1934384,
            "count": 15
        },
        "MoveToTarget.Policy.Beta.mean": {
            "value": 1.760529e-05,
            "min": 1.760529e-05,
            "max": 0.00046784816000000005,
            "count": 15
        },
        "MoveToTarget.Policy.Beta.sum": {
            "value": 1.760529e-05,
            "min": 1.760529e-05,
            "max": 0.00046784816000000005,
            "count": 15
        },
        "MoveToTarget.Policy.GAILPolicyEstimate.mean": {
            "value": 0.14050295669585466,
            "min": 0.14050295669585466,
            "max": 0.2533837463706732,
            "count": 15
        },
        "MoveToTarget.Policy.GAILPolicyEstimate.sum": {
            "value": 0.14050295669585466,
            "min": 0.14050295669585466,
            "max": 0.2533837463706732,
            "count": 15
        },
        "MoveToTarget.Policy.GAILExpertEstimate.mean": {
            "value": 0.8948277545471987,
            "min": 0.851920835673809,
            "max": 0.8948277545471987,
            "count": 15
        },
        "MoveToTarget.Policy.GAILExpertEstimate.sum": {
            "value": 0.8948277545471987,
            "min": 0.851920835673809,
            "max": 0.8948277545471987,
            "count": 15
        },
        "MoveToTarget.Losses.GAILLoss.mean": {
            "value": 0.2938934738437335,
            "min": 0.2938934738437335,
            "max": 0.5153734758496284,
            "count": 15
        },
        "MoveToTarget.Losses.GAILLoss.sum": {
            "value": 0.2938934738437335,
            "min": 0.2938934738437335,
            "max": 0.5153734758496284,
            "count": 15
        },
        "MoveToTarget.Policy.GAILGradMagLoss.mean": {
            "value": 0.11249074712395668,
            "min": 0.10735614784061909,
            "max": 0.45880538038909435,
            "count": 15
        },
        "MoveToTarget.Policy.GAILGradMagLoss.sum": {
            "value": 0.11249074712395668,
            "min": 0.10735614784061909,
            "max": 0.45880538038909435,
            "count": 15
        },
        "MoveToTarget.Losses.PretrainingLoss.mean": {
            "value": 0.01866730923453967,
            "min": 0.016711146881182987,
            "max": 0.031009628747900326,
            "count": 15
        },
        "MoveToTarget.Losses.PretrainingLoss.sum": {
            "value": 0.01866730923453967,
            "min": 0.016711146881182987,
            "max": 0.031009628747900326,
            "count": 15
        }
    },
    "metadata": {
        "timer_format_version": "0.1.0",
        "start_time_seconds": "1732202343",
        "python_version": "3.10.11 (tags/v3.10.11:7d4cc5a, Apr  5 2023, 00:38:17) [MSC v.1929 64 bit (AMD64)]",
        "command_line_arguments": "C:\\Users\\Kriszti\\Desktop\\TeachAi\\venv\\Scripts\\mlagents-learn config/MoveToGoal.yaml --initialize-from=MoveToGoal63 --run-id=MoveToGoal64",
        "mlagents_version": "1.1.0",
        "mlagents_envs_version": "1.1.0",
        "communication_protocol_version": "1.5.0",