{
    "name": "root",
    "gauges": {
        "MoveToTarget.Policy.Entropy.mean": {
            "value": 0.03501873463392258,
            "min": 0.01342189870774746,
            "max": 0.1577087789773941,
            "count": 992
        },
        "MoveToTarget.Policy.Entropy.sum": {
            "value": 30.816486358642578,
            "min": 0.9518524408340454,
            "max": 228.2628631591797,
            "count": 992
        },
        "MoveToTarget.Step.mean": {
            "value": 999950.0,
            "min": 896.0,
            "max": 999950.0,
            "count": 1000
        },
        "MoveToTarget.Step.sum": {
            "value": 999950.0,
            "min": 896.0,
            "max": 999950.0,
            "count": 1000
        },
        "MoveToTarget.Policy.ExtrinsicValueEstimate.mean": {
            "value": 38.31998062133789,
            "min": -12.596718788146973,
            "max": 180.57403564453125,
            "count": 1000
        },
        "MoveToTarget.Policy.ExtrinsicValueEstimate.sum": {
            "value": 306.5598449707031,
            "min": -100.77375030517578,
            "max": 1702.02880859375,
            "count": 1000
        },
        "MoveToTarget.Policy.GailValueEstimate.mean": {
            "value": 15.633594512939453,
            "min": 9.448738098144531,
            "max": 26.726110458374023,
            "count": 1000
        },
        "MoveToTarget.Policy.GailValueEstimate.sum": {
            "value": 125.06875610351562,
            "min": 72.2252197265625,
            "max": 240.5349884033203,
            "count": 1000
        },
        "MoveToTarget.IsTraining.mean": {
            "value": 1.0,
            "min": 1.0,
            "max": 1.0,
            "count": 1000
        },
        "MoveToTarget.IsTraining.sum": {
            "value": 1.0,
            "min": 1.0,
            "max": 1.0,
            "count": 1000
        },
        "MoveToTarget.Environment.EpisodeLength.mean": {
            "value": 1999.0,
            "min": 115.0,
            "max": 2000.0,
            "count": 498
        },
        "MoveToTarget.Environment.EpisodeLength.sum": {
            "value": 1999.0,
            "min": 115.0,
            "max": 18000.0,
            "count": 498
        },
        "MoveToTarget.Environment.CumulativeReward.mean": {
            "value": 0.0,
            "min": -515.0,
            "max": 9991.0,
            "count": 505
        },
        "MoveToTarget.Environment.CumulativeReward.sum": {
            "value": 0.0,
            "min": -515.0,
            "max": 9991.0,
            "count": 505
        },
        "MoveToTarget.Policy.ExtrinsicReward.mean": {
            "value": 0.0,
            "min": -515.0,
            "max": 9991.0,
            "count": 505
        },
        "MoveToTarget.Policy.ExtrinsicReward.sum": {
            "value": 0.0,
            "min": -515.0,
            "max": 9991.0,
            "count": 505
        },
        "MoveToTarget.Policy.GailReward.mean": {
            "value": 238.21742916107178,
            "min": 5.599063396453857,
            "max": 1557.2607879638672,
            "count": 505
        },
        "MoveToTarget.Policy.GailReward.sum": {
            "value": 238.21742916107178,
            "min": 5.599063396453857,
            "max": 2121.458242416382,
            "count": 505
        },
        "MoveToTarget.Losses.PolicyLoss.mean": {
            "value": 0.011108656151615529,
            "min": 0.009766072605998488,
            "max": 0.014440649973039399,
            "count": 15
        },
        "MoveToTarget.Losses.PolicyLoss.sum": {
            "value": 0.011108656151615529,
            "min": 0.009766072605998488,
            "max": 0.014440649973039399,
            "count": 15
        },
        "MoveToTarget.Losses.ValueLoss.mean": {
            "value": 609.8054364522299,
            "min": 385.75979296366376,
            "max": 848.410816192627,
            "count": 15
        },
        "MoveToTarget.Losses.ValueLoss.sum": {
            "value": 609.8054364522299,
            "min": 385.75979296366376,
            "max": 848.410816192627,
            "count": 15
        },
        "MoveToTarget.Policy.LearningRate.mean": {
            "value": 4.8033983988999996e-06,
            "min": 4.8033983988999996e-06,
            "max": 0.0002803272065576,
            "count": 15
        },
        "MoveToTarget.Policy.LearningRate.sum": {
            "value": 4.8033983988999996e-06,
            "min": 4.8033983988999996e-06,
            "max": 0.0002803272065576,
            "count": 15
        },
        "MoveToTarget.Policy.Epsilon.mean": {
            "value": 0.1016011,
            "min": 0.1016011,
            "max": 0.19344240000000001,
            "count": 15
        },
        "MoveToTarget.Policy.Epsilon.sum": {
            "value": 0.1016011,
            "min": 0.1016011,
            "max": 0.19344240000000001,
            "count": 15
        },
        "MoveToTarget.Policy.Beta.mean": {
            "value": 1.784539e-05,
            "min": 1.784539e-05,
            "max": 0.00046786776,
            "count": 15
        },
        "MoveToTarget.Policy.Beta.sum": {
            "value": 1.784539e-05,
            "min": 1.784539e-05,
            "max": 0.00046786776,
            "count": 15
        },
        "MoveToTarget.Policy.GAILPolicyEstimate.mean": {
            "value": 0.221746189519763,
            "min": 0.19145995068053404,
            "max": 0.26132891482363146,
            "count": 15
        },
        "MoveToTarget.Policy.GAILPolicyEstimate.sum": {
            "value": 0.221746189519763,
            "min": 0.19145995068053404,
            "max": 0.26132891482363146,
            "count": 15
        },
        "MoveToTarget.Policy.GAILExpertEstimate.mean": {
            "value": 0.8775070247550806,
            "min": 0.8542420901358128,
            "max": 0.8775070247550806,
            "count": 15
        },
        "MoveToTarget.Policy.GAILExpertEstimate.sum": {
            "value": 0.8775070247550806,
            "min": 0.8542420901358128,
            "max": 0.8775070247550806,
            "count": 15
        },
        "MoveToTarget.Losses.GAILLoss.mean": {
            "value": 0.4224451333284378,
            "min": 0.38334505011638004,
            "max": 0.5440167542546988,
            "count": 15
        },
        "MoveToTarget.Losses.GAILLoss.sum": {
            "value": 0.4224451333284378,
            "min": 0.38334505011638004,
            "max": 0.5440167542546988,
            "count": 15
        },
        "MoveToTarget.Policy.GAILGradMagLoss.mean": {
            "value": 0.11884656796852748,
            "min": 0.10677435947582126,
            "max": 0.39567559367666644,
            "count": 15
        },
        "MoveToTarget.Policy.GAILGradMagLoss.sum": {
            "value": 0.11884656796852748,
            "min": 0.10677435947582126,
            "max": 0.39567559367666644,
            "count": 15
        },
        "MoveToTarget.Losses.PretrainingLoss.mean": {
            "value": 0.018002908055981,
            "min": 0.01724779357512792,
            "max": 0.08479506398240726,
            "count": 15
        },
        "MoveToTarget.Losses.PretrainingLoss.sum": {
            "value": 0.018002908055981,
            "min": 0.01724779357512792,
            "max": 0.08479506398240726,
            "count": 15
        }
    },
    "metadata": {
        "timer_format_version": "0.1.0",
        "start_time_seconds": "1732190854",
        "python_version": "3.10.11 (tags/v3.10.11:7d4cc5a, Apr  5 2023, 00:38:17) [MSC v.1929 64 bit (AMD64)]",
        "command_line_arguments": "C:\\Users\\Kriszti\\Desktop\\TeachAi\\venv\\Scripts\\mlagents-learn config/MoveToGoal.yaml --initialize-from=MoveToGoal59 --run-id=MoveToGoal60",
        "mlagents_version": "1.1.0",
        "mlagents_envs_version": "1.1.0",
        "communication_protocol_version": "1.5.0",
        "pytorch_version": "2.5.1+cpu",