{
    "name": "root",
    "gauges": {
        "MoveToTarget.Policy.Entropy.mean": {
            "value": 0.038824547082185745,
            "min": 0.014333156868815422,
            "max": 0.1737162321805954,
            "count": 987
        },
        "MoveToTarget.Policy.Entropy.sum": {
            "value": 34.16559982299805,
            "min": 3.7523090839385986,
            "max": 252.14205932617188,
            "count": 987
        },
        "MoveToTarget.Step.mean": {
            "value": 999997.0,
            "min": 896.0,
            "max": 999997.0,
            "count": 1000
        },
        "MoveToTarget.Step.sum": {
            "value": 999997.0,
            "min": 896.0,
            "max": 999997.0,
            "count": 1000
        },
        "MoveToTarget.Policy.ExtrinsicValueEstimate.mean": {
            "value": 27.254955291748047,
            "min": -9.311458587646484,
            "max": 149.15577697753906,
            "count": 1000
        },
        "MoveToTarget.Policy.ExtrinsicValueEstimate.sum": {
            "value": 218.03964233398438,
            "min": -83.8031234741211,
            "max": 1342.4019775390625,
            "count": 1000
        },
        "MoveToTarget.Policy.GailValueEstimate.mean": {
            "value": 16.345924377441406,
            "min": 11.995820999145508,
            "max": 37.60643005371094,
            "count": 1000
        },
        "MoveToTarget.Policy.GailValueEstimate.sum": {
            "value": 130.76739501953125,
            "min": 83.97074890136719,
            "max": 351.7445373535156,
            "count": 1000
        },
        "MoveToTarget.IsTraining.mean": {
            "value": 1.0,
            "min": 1.0,
            "max": 1.0,
            "count": 1000
        },
        "MoveToTarget.IsTraining.sum": {
            "value": 1.0,
            "min": 1.0,
            "max": 1.0,
            "count": 1000
        },
        "MoveToTarget.Environment.EpisodeLength.mean": {
            "value": 109.0,
            "min": 99.0,
            "max": 2600.0,
            "count": 472
        },
        "MoveToTarget.Environment.EpisodeLength.sum": {
            "value": 109.0,
            "min": 99.0,
            "max": 23400.0,
            "count": 472
        },
        "MoveToTarget.Environment.CumulativeReward.mean": {
            "value": 0.0,
            "min": -183.0,
            "max": 12051.0,
            "count": 469
        },
        "MoveToTarget.Environment.CumulativeReward.sum": {
            "value": 0.0,
            "min": -183.0,
            "max": 12051.0,
            "count": 469
        },
        "MoveToTarget.Policy.ExtrinsicReward.mean": {
            "value": 0.0,
            "min": -183.0,
            "max": 12051.0,
            "count": 469
        },
        "MoveToTarget.Policy.ExtrinsicReward.sum": {
            "value": 0.0,
            "min": -183.0,
            "max": 12051.0,
            "count": 469
        },
        "MoveToTarget.Policy.GailReward.mean": {
            "value": 221.10934686660767,
            "min": 34.568729400634766,
            "max": 2489.4876194000244,
            "count": 469
        },
        "MoveToTarget.Policy.GailReward.sum": {
            "value": 221.10934686660767,
            "min": 34.568729400634766,
            "max": 3682.7803134918213,
            "count": 469
        },
        "MoveToTarget.Losses.PolicyLoss.mean": {
            "value": 0.013146300510319028,
            "min": 0.00945270126582424,
            "max": 0.01452181192386585,
            "count": 15
        },
        "MoveToTarget.Losses.PolicyLoss.sum": {
            "value": 0.013146300510319028,
            "min": 0.00945270126582424,
            "max": 0.01452181192386585,
            "count": 15
        },
        "MoveToTarget.Losses.ValueLoss.mean": {
            "value": 432.9908269246419,
            "min": 357.3212769826253,
            "max": 1020.6865145365397,
            "count": 15
        },
        "MoveToTarget.Losses.ValueLoss.sum": {
            "value": 432.9908269246419,
            "min": 357.3212769826253,
            "max": 1020.6865145365397,
            "count": 15
        },
        "MoveToTarget.Policy.LearningRate.mean": {
            "value": 4.8423983858999886e-06,
            "min": 4.8423983858999886e-06,
            "max": 0.0002803038065654,
            "count": 15
        },
        "MoveToTarget.Policy.LearningRate.sum": {
            "value": 4.8423983858999886e-06,
            "min": 4.8423983858999886e-06,
            "max": 0.0002803038065654,
            "count": 15
        },
        "MoveToTarget.Policy.Epsilon.mean": {
            "value": 0.1016141,
            "min": 0.1016141,
            "max": 0.1934346,
            "count": 15
        },
        "MoveToTarget.Policy.Epsilon.sum": {
            "value": 0.1016141,
            "min": 0.1016141,
            "max": 0.1934346,
            "count": 15
        },
        "MoveToTarget.Policy.Beta.mean": {
            "value": 1.7909089999999977e-05,
            "min": 1.7909089999999977e-05,
            "max": 0.00046782953999999997,
            "count": 15
        },
        "MoveToTarget.Policy.Beta.sum": {
            "value": 1.7909089999999977e-05,
            "min": 1.7909089999999977e-05,
            "max": 0.00046782953999999997,
            "count": 15
        },
        "MoveToTarget.Policy.GAILPolicyEstimate.mean": {
            "value": 0.20050580768535534,
            "min": 0.19548736916234097,
            "max": 0.24578035436570644,
            "count": 15
        },
        "MoveToTarget.Policy.GAILPolicyEstimate.sum": {
            "value": 0.20050580768535534,
            "min": 0.19548736916234097,
            "max": 0.24578035436570644,
            "count": 15
        },
        "MoveToTarget.Policy.GAILExpertEstimate.mean": {
            "value": 0.8616818735996882,
            "min": 0.8300143107771873,
            "max": 0.8638775410751501,
            "count": 15
        },
        "MoveToTarget.Policy.GAILExpertEstimate.sum": {
            "value": 0.8616818735996882,
            "min": 0.8300143107771873,
            "max": 0.8638775410751501,
            "count": 15
        },
        "MoveToTarget.Losses.GAILLoss.mean": {
            "value": 0.4118745109687249,
            "min": 0.4008400322248538,
            "max": 0.5091808332751194,
            "count": 15
        },
        "MoveToTarget.Losses.GAILLoss.sum": {
            "value": 0.4118745109687249,
            "min": 0.4008400322248538,
            "max": 0.5091808332751194,
            "count": 15
        },
        "MoveToTarget.Policy.GAILGradMagLoss.mean": {
            "value": 0.12036750605329871,
            "min": 0.11074491745481889,
            "max": 0.24461869057267904,
            "count": 15
        },
        "MoveToTarget.Policy.GAILGradMagLoss.sum": {
            "value": 0.12036750605329871,
            "min": 0.11074491745481889,
            "max": 0.24461869057267904,
            "count": 15
        },
        "MoveToTarget.Losses.PretrainingLoss.mean": {
            "value": 0.01593878213316202,
            "min": 0.014308995877703031,
            "max": 0.020211588591337204,
            "count": 15
        },
        "MoveToTarget.Losses.PretrainingLoss.sum": {
            "value": 0.01593878213316202,
            "min": 0.014308995877703031,
            "max": 0.020211588591337204,
            "count": 15
        }
    },
    "metadata": {
        "timer_format_version": "0.1.0",
        "start_time_seconds": "1732113669",
        "python_version": "3.10.11 (tags/v3.10.11:7d4cc5a, Apr  5 2023, 00:38:17) [MSC v.1929 64 bit (AMD64)]",
        "command_line_arguments": "C:\\Users\\tamas\\Desktop\\TeachAi\\venv\\Scripts\\mlagents-learn config/MoveToGoal.yaml --initialize-from=MoveToGoal49 --run-id=MoveToGoal50",
        "mlagents_version": "1.1.0",
        "mlagents_envs_version": "1.1.0",
        "communication_protocol_version": "1.5.0",