{
    "name": "root",
    "gauges": {
        "MoveToTarget.Policy.Entropy.mean": {
            "value": 0.07958114147186279,
            "min": 0.02256619930267334,
            "max": 0.14365403354167938,
            "count": 984
        },
        "MoveToTarget.Policy.Entropy.sum": {
            "value": 93.90574645996094,
            "min": 1.297179102897644,
            "max": 208.41839599609375,
            "count": 984
        },
        "MoveToTarget.Step.mean": {
            "value": 999936.0,
            "min": 896.0,
            "max": 999936.0,
            "count": 1000
        },
        "MoveToTarget.Step.sum": {
            "value": 999936.0,
            "min": 896.0,
            "max": 999936.0,
            "count": 1000
        },
        "MoveToTarget.Policy.ExtrinsicValueEstimate.mean": {
            "value": 10.152778625488281,
            "min": -5.903289318084717,
            "max": 184.44895935058594,
            "count": 1000
        },
        "MoveToTarget.Policy.ExtrinsicValueEstimate.sum": {
            "value": 81.22222900390625,
            "min": -41.32302474975586,
            "max": 1844.4896240234375,
            "count": 1000
        },
        "MoveToTarget.Policy.GailValueEstimate.mean": {
            "value": 17.618207931518555,
            "min": 10.965465545654297,
            "max": 37.495826721191406,
            "count": 1000
        },
        "MoveToTarget.Policy.GailValueEstimate.sum": {
            "value": 140.94566345214844,
            "min": 77.88322448730469,
            "max": 374.9582824707031,
            "count": 1000
        },
        "MoveToTarget.IsTraining.mean": {
            "value": 1.0,
            "min": 1.0,
            "max": 1.0,
            "count": 1000
        },
        "MoveToTarget.IsTraining.sum": {
            "value": 1.0,
            "min": 1.0,
            "max": 1.0,
            "count": 1000
        },
        "MoveToTarget.Environment.EpisodeLength.mean": {
            "value": 289.0,
            "min": 123.0,
            "max": 2600.0,
            "count": 482
        },
        "MoveToTarget.Environment.EpisodeLength.sum": {
            "value": 289.0,
            "min": 123.0,
            "max": 20800.0,
            "count": 482
        },
        "MoveToTarget.Environment.CumulativeReward.mean": {
            "value": 745.0,
            "min": -1120.0,
            "max": 5090.0,
            "count": 488
        },
        "MoveToTarget.Environment.CumulativeReward.sum": {
            "value": 745.0,
            "min": -1194.0,
            "max": 6149.5,
            "count": 488
        },
        "MoveToTarget.Policy.ExtrinsicReward.mean": {
            "value": 745.0,
            "min": -1120.0,
            "max": 5090.0,
            "count": 488
        },
        "MoveToTarget.Policy.ExtrinsicReward.sum": {
            "value": 745.0,
            "min": -1194.0,
            "max": 6149.5,
            "count": 488
        },
        "MoveToTarget.Policy.GailReward.mean": {
            "value": 211.44524002075195,
            "min": 32.78496265411377,
            "max": 1953.2918047904968,
            "count": 488
        },
        "MoveToTarget.Policy.GailReward.sum": {
            "value": 211.44524002075195,
            "min": 32.78496265411377,
            "max": 4757.997148036957,
            "count": 488
        },
        "MoveToTarget.Losses.PolicyLoss.mean": {
            "value": 0.011386993137421086,
            "min": 0.010456571816424306,
            "max": 0.014768145835356941,
            "count": 15
        },
        "MoveToTarget.Losses.PolicyLoss.sum": {
            "value": 0.011386993137421086,
            "min": 0.010456571816424306,
            "max": 0.014768145835356941,
            "count": 15
        },
        "MoveToTarget.Losses.ValueLoss.mean": {
            "value": 461.6077995300293,
            "min": 318.59246349334717,
            "max": 787.5341606140137,
            "count": 15
        },
        "MoveToTarget.Losses.ValueLoss.sum": {
            "value": 461.6077995300293,
            "min": 318.59246349334717,
            "max": 787.5341606140137,
            "count": 15
        },
        "MoveToTarget.Policy.LearningRate.mean": {
            "value": 4.782398405899995e-06,
            "min": 4.782398405899995e-06,
            "max": 0.0002803305065565,
            "count": 15
        },
        "MoveToTarget.Policy.LearningRate.sum": {
            "value": 4.782398405899995e-06,
            "min": 4.782398405899995e-06,
            "max": 0.0002803305065565,
            "count": 15
        },
        "MoveToTarget.Policy.Epsilon.mean": {
            "value": 0.1015941,
            "min": 0.1015941,
            "max": 0.19344350000000002,
            "count": 15
        },
        "MoveToTarget.Policy.Epsilon.sum": {
            "value": 0.1015941,
            "min": 0.1015941,
            "max": 0.19344350000000002,
            "count": 15
        },
        "MoveToTarget.Policy.Beta.mean": {
            "value": 1.7811089999999992e-05,
            "min": 1.7811089999999992e-05,
            "max": 0.00046787315,
            "count": 15
        },
        "MoveToTarget.Policy.Beta.sum": {
            "value": 1.7811089999999992e-05,
            "min": 1.7811089999999992e-05,
            "max": 0.00046787315,
            "count": 15
        },
        "MoveToTarget.Policy.GAILPolicyEstimate.mean": {
            "value": 0.1942040460805098,
            "min": 0.1936886648957928,
            "max": 0.2380210335055987,
            "count": 15
        },
        "MoveToTarget.Policy.GAILPolicyEstimate.sum": {
            "value": 0.1942040460805098,
            "min": 0.1936886648957928,
            "max": 0.2380210335055987,
            "count": 15
        },
        "MoveToTarget.Policy.GAILExpertEstimate.mean": {
            "value": 0.8581503120561441,
            "min": 0.8484490749736627,
            "max": 0.864112414419651,
            "count": 15
        },
        "MoveToTarget.Policy.GAILExpertEstimate.sum": {
            "value": 0.8581503120561441,
            "min": 0.8484490749736627,
            "max": 0.864112414419651,
            "count": 15
        },
        "MoveToTarget.Losses.GAILLoss.mean": {
            "value": 0.4097914199034373,
            "min": 0.40382027067244053,
            "max": 0.48846531348923844,
            "count": 15
        },
        "MoveToTarget.Losses.GAILLoss.sum": {
            "value": 0.4097914199034373,
            "min": 0.40382027067244053,
            "max": 0.48846531348923844,
            "count": 15
        },
        "MoveToTarget.Policy.GAILGradMagLoss.mean": {
            "value": 0.1307538072578609,
            "min": 0.11671741337825854,
            "max": 0.2872323039919138,
            "count": 15
        },
        "MoveToTarget.Policy.GAILGradMagLoss.sum": {
            "value": 0.1307538072578609,
            "min": 0.11671741337825854,
            "max": 0.2872323039919138,
            "count": 15
        },
        "MoveToTarget.Losses.PretrainingLoss.mean": {
            "value": 0.01505765567223231,
            "min": 0.014782588928937912,
            "max": 0.017027074471116066,
            "count": 15
        },
        "MoveToTarget.Losses.PretrainingLoss.sum": {
            "value": 0.01505765567223231,
            "min": 0.014782588928937912,
            "max": 0.017027074471116066,
            "count": 15
        }
    },
    "metadata": {
        "timer_format_version": "0.1.0",
        "start_time_seconds": "1732117122",
        "python_version": "3.10.11 (tags/v3.10.11:7d4cc5a, Apr  5 2023, 00:38:17) [MSC v.1929 64 bit (AMD64)]",
        "command_line_arguments": "C:\\Users\\tamas\\Desktop\\TeachAi\\venv\\Scripts\\mlagents-learn config/MoveToGoal.yaml --initialize-from=MoveToGoal50 --run-id=MoveToGoal51",
        "mlagents_version": "1.1.0",
        "mlagents_envs_version": "1.1.0",
        "communication_protocol_version": "1.5.0",