{
    "name": "root",
    "gauges": {
        "MoveToTarget.Policy.Entropy.mean": {
            "value": 0.11346731334924698,
            "min": 0.07835288345813751,
            "max": 0.19765159487724304,
            "count": 997
        },
        "MoveToTarget.Policy.Entropy.sum": {
            "value": 145.2381591796875,
            "min": 16.013525009155273,
            "max": 404.0732421875,
            "count": 997
        },
        "MoveToTarget.Step.mean": {
            "value": 999994.0,
            "min": 896.0,
            "max": 999994.0,
            "count": 1000
        },
        "MoveToTarget.Step.sum": {
            "value": 999994.0,
            "min": 896.0,
            "max": 999994.0,
            "count": 1000
        },
        "MoveToTarget.Policy.ExtrinsicValueEstimate.mean": {
            "value": 100.4259033203125,
            "min": 18.898326873779297,
            "max": 148.3673095703125,
            "count": 1000
        },
        "MoveToTarget.Policy.ExtrinsicValueEstimate.sum": {
            "value": 903.8331298828125,
            "min": 132.2882843017578,
            "max": 1346.697021484375,
            "count": 1000
        },
        "MoveToTarget.Policy.GailValueEstimate.mean": {
            "value": 14.626032829284668,
            "min": 11.983941078186035,
            "max": 19.62150764465332,
            "count": 1000
        },
        "MoveToTarget.Policy.GailValueEstimate.sum": {
            "value": 131.63429260253906,
            "min": 86.13154602050781,
            "max": 178.26638793945312,
            "count": 1000
        },
        "MoveToTarget.IsTraining.mean": {
            "value": 1.0,
            "min": 1.0,
            "max": 1.0,
            "count": 1000
        },
        "MoveToTarget.IsTraining.sum": {
            "value": 1.0,
            "min": 1.0,
            "max": 1.0,
            "count": 1000
        },
        "MoveToTarget.Environment.EpisodeLength.mean": {
            "value": 219.0,
            "min": 139.0,
            "max": 34212.0,
            "count": 558
        },
        "MoveToTarget.Environment.EpisodeLength.sum": {
            "value": 219.0,
            "min": 139.0,
            "max": 34212.0,
            "count": 558
        },
        "MoveToTarget.Environment.CumulativeReward.mean": {
            "value": 799.0,
            "min": -249.0,
            "max": 7701.0,
            "count": 552
        },
        "MoveToTarget.Environment.CumulativeReward.sum": {
            "value": 799.0,
            "min": -249.0,
            "max": 7701.0,
            "count": 552
        },
        "MoveToTarget.Policy.ExtrinsicReward.mean": {
            "value": 799.0,
            "min": -249.0,
            "max": 7701.0,
            "count": 552
        },
        "MoveToTarget.Policy.ExtrinsicReward.sum": {
            "value": 799.0,
            "min": -249.0,
            "max": 7701.0,
            "count": 552
        },
        "MoveToTarget.Policy.GailReward.mean": {
            "value": 74.8192367553711,
            "min": 16.24742817878723,
            "max": 7451.515344142914,
            "count": 552
        },
        "MoveToTarget.Policy.GailReward.sum": {
            "value": 74.8192367553711,
            "min": 16.24742817878723,
            "max": 7451.515344142914,
            "count": 552
        },
        "MoveToTarget.Losses.PolicyLoss.mean": {
            "value": 0.01134041397714706,
            "min": 0.010691377385228407,
            "max": 0.014131438027106924,
            "count": 15
        },
        "MoveToTarget.Losses.PolicyLoss.sum": {
            "value": 0.01134041397714706,
            "min": 0.010691377385228407,
            "max": 0.014131438027106924,
            "count": 15
        },
        "MoveToTarget.Losses.ValueLoss.mean": {
            "value": 1485.7370503743489,
            "min": 869.7571741739908,
            "max": 1864.6064758300781,
            "count": 15
        },
        "MoveToTarget.Losses.ValueLoss.sum": {
            "value": 1485.7370503743489,
            "min": 869.7571741739908,
            "max": 1864.6064758300781,
            "count": 15
        },
        "MoveToTarget.Policy.LearningRate.mean": {
            "value": 4.749998416699995e-06,
            "min": 4.749998416699995e-06,
            "max": 0.00028032240655919994,
            "count": 15
        },
        "MoveToTarget.Policy.LearningRate.sum": {
            "value": 4.749998416699995e-06,
            "min": 4.749998416699995e-06,
            "max": 0.00028032240655919994,
            "count": 15
        },
        "MoveToTarget.Policy.Epsilon.mean": {
            "value": 0.1015833,
            "min": 0.1015833,
            "max": 0.19344080000000005,
            "count": 15
        },
        "MoveToTarget.Policy.Epsilon.sum": {
            "value": 0.1015833,
            "min": 0.1015833,
            "max": 0.19344080000000005,
            "count": 15
        },
        "MoveToTarget.Policy.Beta.mean": {
            "value": 1.775816999999999e-05,
            "min": 1.775816999999999e-05,
            "max": 0.00046785992,
            "count": 15
        },
        "MoveToTarget.Policy.Beta.sum": {
            "value": 1.775816999999999e-05,
            "min": 1.775816999999999e-05,
            "max": 0.00046785992,
            "count": 15
        },
        "MoveToTarget.Policy.GAILPolicyEstimate.mean": {
            "value": 0.18988733707616726,
            "min": 0.18108082811037698,
            "max": 0.20262440713122487,
            "count": 15
        },
        "MoveToTarget.Policy.GAILPolicyEstimate.sum": {
            "value": 0.18988733707616726,
            "min": 0.18108082811037698,
            "max": 0.20262440713122487,
            "count": 15
        },
        "MoveToTarget.Policy.GAILExpertEstimate.mean": {
            "value": 0.8817397157351176,
            "min": 0.8687360820670923,
            "max": 0.8841841655472914,
            "count": 15
        },
        "MoveToTarget.Policy.GAILExpertEstimate.sum": {
            "value": 0.8817397157351176,
            "min": 0.8687360820670923,
            "max": 0.8841841655472914,
            "count": 15
        },
        "MoveToTarget.Losses.GAILLoss.mean": {
            "value": 0.3802649217347304,
            "min": 0.3623007896045844,
            "max": 0.42048993334174156,
            "count": 15
        },
        "MoveToTarget.Losses.GAILLoss.sum": {
            "value": 0.3802649217347304,
            "min": 0.3623007896045844,
            "max": 0.42048993334174156,
            "count": 15
        },
        "MoveToTarget.Policy.GAILGradMagLoss.mean": {
            "value": 0.10596605374788244,
            "min": 0.10418899186576407,
            "max": 0.38970547914505005,
            "count": 15
        },
        "MoveToTarget.Policy.GAILGradMagLoss.sum": {
            "value": 0.10596605374788244,
            "min": 0.10418899186576407,
            "max": 0.38970547914505005,
            "count": 15
        },
        "MoveToTarget.Losses.PretrainingLoss.mean": {
            "value": 0.014733394297460714,
            "min": 0.014710276077191034,
            "max": 0.017348190769553185,
            "count": 15
        },
        "MoveToTarget.Losses.PretrainingLoss.sum": {
            "value": 0.014733394297460714,
            "min": 0.014710276077191034,
            "max": 0.017348190769553185,
            "count": 15
        }
    },
    "metadata": {
        "timer_format_version": "0.1.0",
        "start_time_seconds": "1732033502",
        "python_version": "3.10.11 (tags/v3.10.11:7d4cc5a, Apr  5 2023, 00:38:17) [MSC v.1929 64 bit (AMD64)]",
        "command_line_arguments": "C:\\Users\\Kriszti\\Desktop\\TeachAi\\venv\\Scripts\\mlagents-learn config/MoveToGoal.yaml --initialize-from=MoveToGoal36 --run-id=MoveToGoal37",
        "mlagents_version": "1.1.0",
        "mlagents_envs_version": "1.1.0",
        "communication_protocol_version": "1.5.0",