{
    "name": "root",
    "gauges": {
        "MoveToTarget.Policy.Entropy.mean": {
            "value": 0.151048481464386,
            "min": 0.11151086539030075,
            "max": 0.28182923793792725,
            "count": 997
        },
        "MoveToTarget.Policy.Entropy.sum": {
            "value": 152.25686645507812,
            "min": 2.4222545623779297,
            "max": 463.9031982421875,
            "count": 997
        },
        "MoveToTarget.Step.mean": {
            "value": 999953.0,
            "min": 896.0,
            "max": 999953.0,
            "count": 1000
        },
        "MoveToTarget.Step.sum": {
            "value": 999953.0,
            "min": 896.0,
            "max": 999953.0,
            "count": 1000
        },
        "MoveToTarget.Policy.ExtrinsicValueEstimate.mean": {
            "value": 238.3728485107422,
            "min": -0.3992195129394531,
            "max": 284.9112548828125,
            "count": 1000
        },
        "MoveToTarget.Policy.ExtrinsicValueEstimate.sum": {
            "value": 1906.9827880859375,
            "min": -2.794536590576172,
            "max": 3132.075927734375,
            "count": 1000
        },
        "MoveToTarget.Policy.GailValueEstimate.mean": {
            "value": 13.357476234436035,
            "min": 7.378968715667725,
            "max": 21.71460723876953,
            "count": 1000
        },
        "MoveToTarget.Policy.GailValueEstimate.sum": {
            "value": 106.85980987548828,
            "min": 51.65278244018555,
            "max": 173.71685791015625,
            "count": 1000
        },
        "MoveToTarget.IsTraining.mean": {
            "value": 1.0,
            "min": 1.0,
            "max": 1.0,
            "count": 1000
        },
        "MoveToTarget.IsTraining.sum": {
            "value": 1.0,
            "min": 1.0,
            "max": 1.0,
            "count": 1000
        },
        "MoveToTarget.Environment.EpisodeLength.mean": {
            "value": 862.0,
            "min": 139.0,
            "max": 9156.0,
            "count": 847
        },
        "MoveToTarget.Environment.EpisodeLength.sum": {
            "value": 862.0,
            "min": 139.0,
            "max": 23631.0,
            "count": 847
        },
        "MoveToTarget.Environment.CumulativeReward.mean": {
            "value": 3563.0,
            "min": 223.5,
            "max": 4681.0,
            "count": 850
        },
        "MoveToTarget.Environment.CumulativeReward.sum": {
            "value": 3563.0,
            "min": 231.0,
            "max": 9942.0,
            "count": 850
        },
        "MoveToTarget.Policy.ExtrinsicReward.mean": {
            "value": 3563.0,
            "min": 223.5,
            "max": 4681.0,
            "count": 850
        },
        "MoveToTarget.Policy.ExtrinsicReward.sum": {
            "value": 3563.0,
            "min": 231.0,
            "max": 9942.0,
            "count": 850
        },
        "MoveToTarget.Policy.GailReward.mean": {
            "value": 188.54468727111816,
            "min": 9.650503754615784,
            "max": 1196.0738496780396,
            "count": 850
        },
        "MoveToTarget.Policy.GailReward.sum": {
            "value": 188.54468727111816,
            "min": 9.650503754615784,
            "max": 2491.6448998451233,
            "count": 850
        },
        "MoveToTarget.Losses.PolicyLoss.mean": {
            "value": 0.011612495626093752,
            "min": 0.00962355649042479,
            "max": 0.016231187522256125,
            "count": 15
        },
        "MoveToTarget.Losses.PolicyLoss.sum": {
            "value": 0.011612495626093752,
            "min": 0.00962355649042479,
            "max": 0.016231187522256125,
            "count": 15
        },
        "MoveToTarget.Losses.ValueLoss.mean": {
            "value": 3295.950714111328,
            "min": 1334.3625259399414,
            "max": 3642.7271321614585,
            "count": 15
        },
        "MoveToTarget.Losses.ValueLoss.sum": {
            "value": 3295.950714111328,
            "min": 1334.3625259399414,
            "max": 3642.7271321614585,
            "count": 15
        },
        "MoveToTarget.Policy.LearningRate.mean": {
            "value": 4.7595984135000054e-06,
            "min": 4.7595984135000054e-06,
            "max": 0.00028033830655390003,
            "count": 15
        },
        "MoveToTarget.Policy.LearningRate.sum": {
            "value": 4.7595984135000054e-06,
            "min": 4.7595984135000054e-06,
            "max": 0.00028033830655390003,
            "count": 15
        },
        "MoveToTarget.Policy.Epsilon.mean": {
            "value": 0.10158650000000001,
            "min": 0.10158650000000001,
            "max": 0.19344610000000004,
            "count": 15
        },
        "MoveToTarget.Policy.Epsilon.sum": {
            "value": 0.10158650000000001,
            "min": 0.10158650000000001,
            "max": 0.19344610000000004,
            "count": 15
        },
        "MoveToTarget.Policy.Beta.mean": {
            "value": 1.777385000000001e-05,
            "min": 1.777385000000001e-05,
            "max": 0.00046788589,
            "count": 15
        },
        "MoveToTarget.Policy.Beta.sum": {
            "value": 1.777385000000001e-05,
            "min": 1.777385000000001e-05,
            "max": 0.00046788589,
            "count": 15
        },
        "MoveToTarget.Policy.GAILPolicyEstimate.mean": {
            "value": 0.18496570053199926,
            "min": 0.16717732697725296,
            "max": 0.18496570053199926,
            "count": 15
        },
        "MoveToTarget.Policy.GAILPolicyEstimate.sum": {
            "value": 0.18496570053199926,
            "min": 0.16717732697725296,
            "max": 0.18496570053199926,
            "count": 15
        },
        "MoveToTarget.Policy.GAILExpertEstimate.mean": {
            "value": 0.870725404471159,
            "min": 0.8699079751968384,
            "max": 0.8842520229518414,
            "count": 15
        },
        "MoveToTarget.Policy.GAILExpertEstimate.sum": {
            "value": 0.870725404471159,
            "min": 0.8699079751968384,
            "max": 0.8842520229518414,
            "count": 15
        },
        "MoveToTarget.Losses.GAILLoss.mean": {
            "value": 0.39678236842155457,
            "min": 0.3469686812410752,
            "max": 0.39678236842155457,
            "count": 15
        },
        "MoveToTarget.Losses.GAILLoss.sum": {
            "value": 0.39678236842155457,
            "min": 0.3469686812410752,
            "max": 0.39678236842155457,
            "count": 15
        },
        "MoveToTarget.Policy.GAILGradMagLoss.mean": {
            "value": 0.0946756702226897,
            "min": 0.0946756702226897,
            "max": 0.25056246761232615,
            "count": 15
        },
        "MoveToTarget.Policy.GAILGradMagLoss.sum": {
            "value": 0.0946756702226897,
            "min": 0.0946756702226897,
            "max": 0.25056246761232615,
            "count": 15
        },
        "MoveToTarget.Losses.PretrainingLoss.mean": {
            "value": 0.014738195886214575,
            "min": 0.014738195886214575,
            "max": 0.018760268886884052,
            "count": 15
        },
        "MoveToTarget.Losses.PretrainingLoss.sum": {
            "value": 0.014738195886214575,
            "min": 0.014738195886214575,
            "max": 0.018760268886884052,
            "count": 15
        }
    },
    "metadata": {
        "timer_format_version": "0.1.0",
        "start_time_seconds": "1732048610",
        "python_version": "3.10.11 (tags/v3.10.11:7d4cc5a, Apr  5 2023, 00:38:17) [MSC v.1929 64 bit (AMD64)]",
        "command_line_arguments": "C:\\Users\\Kriszti\\Desktop\\TeachAi\\venv\\Scripts\\mlagents-learn config/MoveToGoal.yaml --initialize-from=MoveToGoal38 --run-id=MoveToGoal39",
        "mlagents_version": "1.1.0",
        "mlagents_envs_version": "1.1.0",