{
    "name": "root",
    "gauges": {
        "MoveToTarget.Policy.Entropy.mean": {
            "value": 0.08301728963851929,
            "min": 0.01859416253864765,
            "max": 0.15694957971572876,
            "count": 996
        },
        "MoveToTarget.Policy.Entropy.sum": {
            "value": 102.94143676757812,
            "min": 5.12916374206543,
            "max": 349.9798583984375,
            "count": 996
        },
        "MoveToTarget.Step.mean": {
            "value": 999917.0,
            "min": 896.0,
            "max": 999917.0,
            "count": 1000
        },
        "MoveToTarget.Step.sum": {
            "value": 999917.0,
            "min": 896.0,
            "max": 999917.0,
            "count": 1000
        },
        "MoveToTarget.Policy.ExtrinsicValueEstimate.mean": {
            "value": 14.085289001464844,
            "min": -8.918967247009277,
            "max": 265.6839599609375,
            "count": 1000
        },
        "MoveToTarget.Policy.ExtrinsicValueEstimate.sum": {
            "value": 112.68231201171875,
            "min": -71.35173797607422,
            "max": 2391.15576171875,
            "count": 1000
        },
        "MoveToTarget.Policy.GailValueEstimate.mean": {
            "value": 6.484094619750977,
            "min": 4.316977024078369,
            "max": 14.369853973388672,
            "count": 1000
        },
        "MoveToTarget.Policy.GailValueEstimate.sum": {
            "value": 51.87275695800781,
            "min": 30.621667861938477,
            "max": 122.03033447265625,
            "count": 1000
        },
        "MoveToTarget.IsTraining.mean": {
            "value": 1.0,
            "min": 1.0,
            "max": 1.0,
            "count": 1000
        },
        "MoveToTarget.IsTraining.sum": {
            "value": 1.0,
            "min": 1.0,
            "max": 1.0,
            "count": 1000
        },
        "MoveToTarget.Environment.EpisodeLength.mean": {
            "value": 1349.0,
            "min": 99.0,
            "max": 3000.0,
            "count": 467
        },
        "MoveToTarget.Environment.EpisodeLength.sum": {
            "value": 1349.0,
            "min": 99.0,
            "max": 12000.0,
            "count": 467
        },
        "MoveToTarget.Environment.CumulativeReward.mean": {
            "value": 3538.0,
            "min": -2320.0,
            "max": 12745.0,
            "count": 467
        },
        "MoveToTarget.Environment.CumulativeReward.sum": {
            "value": 3538.0,
            "min": -2320.0,
            "max": 17976.0,
            "count": 467
        },
        "MoveToTarget.Policy.ExtrinsicReward.mean": {
            "value": 3538.0,
            "min": -2320.0,
            "max": 12745.0,
            "count": 467
        },
        "MoveToTarget.Policy.ExtrinsicReward.sum": {
            "value": 3538.0,
            "min": -2320.0,
            "max": 17976.0,
            "count": 467
        },
        "MoveToTarget.Policy.GailReward.mean": {
            "value": 189.16086959838867,
            "min": 2.018194794654846,
            "max": 1434.6990051269531,
            "count": 467
        },
        "MoveToTarget.Policy.GailReward.sum": {
            "value": 189.16086959838867,
            "min": 2.018194794654846,
            "max": 1434.6990051269531,
            "count": 467
        },
        "MoveToTarget.Losses.PolicyLoss.mean": {
            "value": 0.01133888024226811,
            "min": 0.010763685204437934,
            "max": 0.014796916477886649,
            "count": 15
        },
        "MoveToTarget.Losses.PolicyLoss.sum": {
            "value": 0.01133888024226811,
            "min": 0.010763685204437934,
            "max": 0.014796916477886649,
            "count": 15
        },
        "MoveToTarget.Losses.ValueLoss.mean": {
            "value": 671.2258644104004,
            "min": 429.44517707824707,
            "max": 1090.5514475504558,
            "count": 15
        },
        "MoveToTarget.Losses.ValueLoss.sum": {
            "value": 671.2258644104004,
            "min": 429.44517707824707,
            "max": 1090.5514475504558,
            "count": 15
        },
        "MoveToTarget.Policy.LearningRate.mean": {
            "value": 4.849898383400004e-06,
            "min": 4.849898383400004e-06,
            "max": 0.0002803026065658,
            "count": 15
        },
        "MoveToTarget.Policy.LearningRate.sum": {
            "value": 4.849898383400004e-06,
            "min": 4.849898383400004e-06,
            "max": 0.0002803026065658,
            "count": 15
        },
        "MoveToTarget.Policy.Epsilon.mean": {
            "value": 0.10161660000000002,
            "min": 0.10161660000000002,
            "max": 0.1934342,
            "count": 15
        },
        "MoveToTarget.Policy.Epsilon.sum": {
            "value": 0.10161660000000002,
            "min": 0.10161660000000002,
            "max": 0.1934342,
            "count": 15
        },
        "MoveToTarget.Policy.Beta.mean": {
            "value": 1.7921340000000007e-05,
            "min": 1.7921340000000007e-05,
            "max": 0.00046782758,
            "count": 15
        },
        "MoveToTarget.Policy.Beta.sum": {
            "value": 1.7921340000000007e-05,
            "min": 1.7921340000000007e-05,
            "max": 0.00046782758,
            "count": 15
        },
        "MoveToTarget.Policy.GAILPolicyEstimate.mean": {
            "value": 0.18502542035033306,
            "min": 0.1757491830115517,
            "max": 0.23098308577512702,
            "count": 15
        },
        "MoveToTarget.Policy.GAILPolicyEstimate.sum": {
            "value": 0.18502542035033306,
            "min": 0.1757491830115517,
            "max": 0.23098308577512702,
            "count": 15
        },
        "MoveToTarget.Policy.GAILExpertEstimate.mean": {
            "value": 0.8869443411628405,
            "min": 0.8640470094978809,
            "max": 0.8971323718627294,
            "count": 15
        },
        "MoveToTarget.Policy.GAILExpertEstimate.sum": {
            "value": 0.8869443411628405,
            "min": 0.8640470094978809,
            "max": 0.8971323718627294,
            "count": 15
        },
        "MoveToTarget.Losses.GAILLoss.mean": {
            "value": 0.35545327328145504,
            "min": 0.3298308961093426,
            "max": 0.5026322429378828,
            "count": 15
        },
        "MoveToTarget.Losses.GAILLoss.sum": {
            "value": 0.35545327328145504,
            "min": 0.3298308961093426,
            "max": 0.5026322429378828,
            "count": 15
        },
        "MoveToTarget.Policy.GAILGradMagLoss.mean": {
            "value": 0.11200418664763372,
            "min": 0.1099677028444906,
            "max": 0.5172425961742798,
            "count": 15
        },
        "MoveToTarget.Policy.GAILGradMagLoss.sum": {
            "value": 0.11200418664763372,
            "min": 0.1099677028444906,
            "max": 0.5172425961742798,
            "count": 15
        },
        "MoveToTarget.Losses.PretrainingLoss.mean": {
            "value": 0.01797495906551679,
            "min": 0.016386340061823528,
            "max": 0.11831229428450267,
            "count": 15
        },
        "MoveToTarget.Losses.PretrainingLoss.sum": {
            "value": 0.01797495906551679,
            "min": 0.016386340061823528,
            "max": 0.11831229428450267,
            "count": 15
        }
    },
    "metadata": {
        "timer_format_version": "0.1.0",
        "start_time_seconds": "1732277107",
        "python_version": "3.10.11 (tags/v3.10.11:7d4cc5a, Apr  5 2023, 00:38:17) [MSC v.1929 64 bit (AMD64)]",
        "command_line_arguments": "C:\\Users\\Kriszti\\Desktop\\TeachAi\\venv\\Scripts\\mlagents-learn config/MoveToGoal.yaml --initialize-from=MoveToGoal65 --run-id=MoveToGoal66",
        "mlagents_version": "1.1.0",
        "mlagents_envs_version": "1.1.0",