{
    "name": "root",
    "gauges": {
        "MoveToTarget.Policy.Entropy.mean": {
            "value": 0.3904969096183777,
            "min": 0.1333909034729004,
            "max": 0.5417903065681458,
            "count": 448
        },
        "MoveToTarget.Policy.Entropy.sum": {
            "value": 687.2745361328125,
            "min": 106.71272277832031,
            "max": 1376.8153076171875,
            "count": 448
        },
        "MoveToTarget.Step.mean": {
            "value": 999980.0,
            "min": 896.0,
            "max": 999980.0,
            "count": 1000
        },
        "MoveToTarget.Step.sum": {
            "value": 999980.0,
            "min": 896.0,
            "max": 999980.0,
            "count": 1000
        },
        "MoveToTarget.Policy.ExtrinsicValueEstimate.mean": {
            "value": -0.5964585542678833,
            "min": -5.889103889465332,
            "max": 10.0968656539917,
            "count": 1000
        },
        "MoveToTarget.Policy.ExtrinsicValueEstimate.sum": {
            "value": -5.964585781097412,
            "min": -41.22372817993164,
            "max": 80.7749252319336,
            "count": 1000
        },
        "MoveToTarget.Policy.GailValueEstimate.mean": {
            "value": 14.26045036315918,
            "min": 8.4302978515625,
            "max": 26.490196228027344,
            "count": 1000
        },
        "MoveToTarget.Policy.GailValueEstimate.sum": {
            "value": 142.60450744628906,
            "min": 64.89761352539062,
            "max": 243.924072265625,
            "count": 1000
        },
        "MoveToTarget.IsTraining.mean": {
            "value": 1.0,
            "min": 1.0,
            "max": 1.0,
            "count": 1000
        },
        "MoveToTarget.IsTraining.sum": {
            "value": 1.0,
            "min": 1.0,
            "max": 1.0,
            "count": 1000
        },
        "MoveToTarget.Environment.EpisodeLength.mean": {
            "value": 999.0,
            "min": 649.0,
            "max": 1000.0,
            "count": 71
        },
        "MoveToTarget.Environment.EpisodeLength.sum": {
            "value": 18981.0,
            "min": 649.0,
            "max": 20000.0,
            "count": 71
        },
        "MoveToTarget.Environment.CumulativeReward.mean": {
            "value": -16.5,
            "min": -170.0,
            "max": 4630.0,
            "count": 150
        },
        "MoveToTarget.Environment.CumulativeReward.sum": {
            "value": -165.0,
            "min": -925.0,
            "max": 4630.0,
            "count": 150
        },
        "MoveToTarget.Policy.ExtrinsicReward.mean": {
            "value": -16.5,
            "min": -170.0,
            "max": 4630.0,
            "count": 150
        },
        "MoveToTarget.Policy.ExtrinsicReward.sum": {
            "value": -165.0,
            "min": -925.0,
            "max": 4630.0,
            "count": 150
        },
        "MoveToTarget.Policy.GailReward.mean": {
            "value": 161.0361599445343,
            "min": 24.342746019363403,
            "max": 484.78368377685547,
            "count": 150
        },
        "MoveToTarget.Policy.GailReward.sum": {
            "value": 1610.361599445343,
            "min": 24.342746019363403,
            "max": 2889.789584159851,
            "count": 150
        },
        "MoveToTarget.Losses.PolicyLoss.mean": {
            "value": 0.01243723423370587,
            "min": 0.010584427409412456,
            "max": 0.015476221771677956,
            "count": 14
        },
        "MoveToTarget.Losses.PolicyLoss.sum": {
            "value": 0.01243723423370587,
            "min": 0.010584427409412456,
            "max": 0.015476221771677956,
            "count": 14
        },
        "MoveToTarget.Losses.ValueLoss.mean": {
            "value": 17.94602547089259,
            "min": 12.953200995922089,
            "max": 217.15232944488525,
            "count": 14
        },
        "MoveToTarget.Losses.ValueLoss.sum": {
            "value": 17.94602547089259,
            "min": 12.953200995922089,
            "max": 217.15232944488525,
            "count": 14
        },
        "MoveToTarget.Policy.LearningRate.mean": {
            "value": 1.6470094509999985e-05,
            "min": 1.6470094509999985e-05,
            "max": 0.00027969000676999995,
            "count": 14
        },
        "MoveToTarget.Policy.LearningRate.sum": {
            "value": 1.6470094509999985e-05,
            "min": 1.6470094509999985e-05,
            "max": 0.00027969000676999995,
            "count": 14
        },
        "MoveToTarget.Policy.Epsilon.mean": {
            "value": 0.10548999999999999,
            "min": 0.10548999999999999,
            "max": 0.19323,
            "count": 14
        },
        "MoveToTarget.Policy.Epsilon.sum": {
            "value": 0.10548999999999999,
            "min": 0.10548999999999999,
            "max": 0.19323,
            "count": 14
        },
        "MoveToTarget.Policy.Beta.mean": {
            "value": 3.6900999999999984e-05,
            "min": 3.6900999999999984e-05,
            "max": 0.000466827,
            "count": 14
        },
        "MoveToTarget.Policy.Beta.sum": {
            "value": 3.6900999999999984e-05,
            "min": 3.6900999999999984e-05,
            "max": 0.000466827,
            "count": 14
        },
        "MoveToTarget.Policy.GAILPolicyEstimate.mean": {
            "value": 0.2510599447414279,
            "min": 0.2510599447414279,
            "max": 0.2946794132391612,
            "count": 14
        },
        "MoveToTarget.Policy.GAILPolicyEstimate.sum": {
            "value": 0.2510599447414279,
            "min": 0.2510599447414279,
            "max": 0.2946794132391612,
            "count": 14
        },
        "MoveToTarget.Policy.GAILExpertEstimate.mean": {
            "value": 0.7528439151744047,
            "min": 0.7344258154431978,
            "max": 0.7528439151744047,
            "count": 14
        },
        "MoveToTarget.Policy.GAILExpertEstimate.sum": {
            "value": 0.7528439151744047,
            "min": 0.7344258154431978,
            "max": 0.7528439151744047,
            "count": 14
        },
        "MoveToTarget.Losses.GAILLoss.mean": {
            "value": 0.6260043655832609,
            "min": 0.6260043655832609,
            "max": 0.7381206055482229,
            "count": 14
        },
        "MoveToTarget.Losses.GAILLoss.sum": {
            "value": 0.6260043655832609,
            "min": 0.6260043655832609,
            "max": 0.7381206055482229,
            "count": 14
        },
        "MoveToTarget.Policy.GAILGradMagLoss.mean": {
            "value": 0.11523319547995925,
            "min": 0.11062131930763523,
            "max": 0.24176345005010566,
            "count": 14
        },
        "MoveToTarget.Policy.GAILGradMagLoss.sum": {
            "value": 0.11523319547995925,
            "min": 0.11062131930763523,
            "max": 0.24176345005010566,
            "count": 14
        },
        "MoveToTarget.Losses.PretrainingLoss.mean": {
            "value": 0.04476428652803103,
            "min": 0.04476428652803103,
            "max": 0.06770258645216624,
            "count": 14
        },
        "MoveToTarget.Losses.PretrainingLoss.sum": {
            "value": 0.04476428652803103,
            "min": 0.04476428652803103,
            "max": 0.06770258645216624,
            "count": 14
        }
    },
    "metadata": {
        "timer_format_version": "0.1.0",
        "start_time_seconds": "1731934080",
        "python_version": "3.10.11 (tags/v3.10.11:7d4cc5a, Apr  5 2023, 00:38:17) [MSC v.1929 64 bit (AMD64)]",
        "command_line_arguments": "C:\\Users\\Kriszti\\Desktop\\TeachAi\\venv\\Scripts\\mlagents-learn config/MoveToGoal.yaml --initialize-from=MoveToGoal21 --run-id=MoveToGoal22",
        "mlagents_version": "1.1.0",
        "mlagents_envs_version": "1.1.0",
        "communication_protocol_version": "1.5.0",