{
    "name": "root",
    "gauges": {
        "MoveToTarget.Policy.Entropy.mean": {
            "value": 0.04170466214418411,
            "min": 0.023857617750763893,
            "max": 0.225327268242836,
            "count": 986
        },
        "MoveToTarget.Policy.Entropy.sum": {
            "value": 50.04559326171875,
            "min": 6.276358127593994,
            "max": 292.1654052734375,
            "count": 986
        },
        "MoveToTarget.Step.mean": {
            "value": 999883.0,
            "min": 896.0,
            "max": 999883.0,
            "count": 1000
        },
        "MoveToTarget.Step.sum": {
            "value": 999883.0,
            "min": 896.0,
            "max": 999883.0,
            "count": 1000
        },
        "MoveToTarget.Policy.ExtrinsicValueEstimate.mean": {
            "value": 0.6964675188064575,
            "min": -21.657608032226562,
            "max": 166.98257446289062,
            "count": 1000
        },
        "MoveToTarget.Policy.ExtrinsicValueEstimate.sum": {
            "value": 4.875272750854492,
            "min": -173.2608642578125,
            "max": 1653.453125,
            "count": 1000
        },
        "MoveToTarget.Policy.GailValueEstimate.mean": {
            "value": 20.550418853759766,
            "min": 15.59040641784668,
            "max": 41.98506164550781,
            "count": 1000
        },
        "MoveToTarget.Policy.GailValueEstimate.sum": {
            "value": 143.85293579101562,
            "min": 111.89368438720703,
            "max": 376.50640869140625,
            "count": 1000
        },
        "MoveToTarget.IsTraining.mean": {
            "value": 1.0,
            "min": 1.0,
            "max": 1.0,
            "count": 1000
        },
        "MoveToTarget.IsTraining.sum": {
            "value": 1.0,
            "min": 1.0,
            "max": 1.0,
            "count": 1000
        },
        "MoveToTarget.Environment.EpisodeLength.mean": {
            "value": 3499.0,
            "min": 145.0,
            "max": 3500.0,
            "count": 387
        },
        "MoveToTarget.Environment.EpisodeLength.sum": {
            "value": 3499.0,
            "min": 145.0,
            "max": 28000.0,
            "count": 387
        },
        "MoveToTarget.Environment.CumulativeReward.mean": {
            "value": 0.0,
            "min": -525.0,
            "max": 11568.0,
            "count": 385
        },
        "MoveToTarget.Environment.CumulativeReward.sum": {
            "value": 0.0,
            "min": -1050.0,
            "max": 11568.0,
            "count": 385
        },
        "MoveToTarget.Policy.ExtrinsicReward.mean": {
            "value": 0.0,
            "min": -525.0,
            "max": 11568.0,
            "count": 385
        },
        "MoveToTarget.Policy.ExtrinsicReward.sum": {
            "value": 0.0,
            "min": -1050.0,
            "max": 11568.0,
            "count": 385
        },
        "MoveToTarget.Policy.GailReward.mean": {
            "value": 387.503089427948,
            "min": 8.802629232406616,
            "max": 4228.579695224762,
            "count": 385
        },
        "MoveToTarget.Policy.GailReward.sum": {
            "value": 387.503089427948,
            "min": 8.802629232406616,
            "max": 5749.52442741394,
            "count": 385
        },
        "MoveToTarget.Losses.PolicyLoss.mean": {
            "value": 0.011364184897198962,
            "min": 0.010865673027486386,
            "max": 0.014579641034288215,
            "count": 15
        },
        "MoveToTarget.Losses.PolicyLoss.sum": {
            "value": 0.011364184897198962,
            "min": 0.010865673027486386,
            "max": 0.014579641034288215,
            "count": 15
        },
        "MoveToTarget.Losses.ValueLoss.mean": {
            "value": 755.1940155029297,
            "min": 397.9612566630046,
            "max": 988.7427864074707,
            "count": 15
        },
        "MoveToTarget.Losses.ValueLoss.sum": {
            "value": 755.1940155029297,
            "min": 397.9612566630046,
            "max": 988.7427864074707,
            "count": 15
        },
        "MoveToTarget.Policy.LearningRate.mean": {
            "value": 4.748498417199985e-06,
            "min": 4.748498417199985e-06,
            "max": 0.00028024470658509997,
            "count": 15
        },
        "MoveToTarget.Policy.LearningRate.sum": {
            "value": 4.748498417199985e-06,
            "min": 4.748498417199985e-06,
            "max": 0.00028024470658509997,
            "count": 15
        },
        "MoveToTarget.Policy.Epsilon.mean": {
            "value": 0.10158279999999999,
            "min": 0.10158279999999999,
            "max": 0.19341490000000003,
            "count": 15
        },
        "MoveToTarget.Policy.Epsilon.sum": {
            "value": 0.10158279999999999,
            "min": 0.10158279999999999,
            "max": 0.19341490000000003,
            "count": 15
        },
        "MoveToTarget.Policy.Beta.mean": {
            "value": 1.7755719999999978e-05,
            "min": 1.7755719999999978e-05,
            "max": 0.00046773301000000003,
            "count": 15
        },
        "MoveToTarget.Policy.Beta.sum": {
            "value": 1.7755719999999978e-05,
            "min": 1.7755719999999978e-05,
            "max": 0.00046773301000000003,
            "count": 15
        },
        "MoveToTarget.Policy.GAILPolicyEstimate.mean": {
            "value": 0.2300287482018272,
            "min": 0.20758859782169262,
            "max": 0.3070090211307009,
            "count": 15
        },
        "MoveToTarget.Policy.GAILPolicyEstimate.sum": {
            "value": 0.2300287482018272,
            "min": 0.20758859782169262,
            "max": 0.3070090211307009,
            "count": 15
        },
        "MoveToTarget.Policy.GAILExpertEstimate.mean": {
            "value": 0.8504498166342577,
            "min": 0.8176485672593117,
            "max": 0.8703565709292889,
            "count": 15
        },
        "MoveToTarget.Policy.GAILExpertEstimate.sum": {
            "value": 0.8504498166342577,
            "min": 0.8176485672593117,
            "max": 0.8703565709292889,
            "count": 15
        },
        "MoveToTarget.Losses.GAILLoss.mean": {
            "value": 0.4700790500889222,
            "min": 0.40741611768802005,
            "max": 0.6629967528084914,
            "count": 15
        },
        "MoveToTarget.Losses.GAILLoss.sum": {
            "value": 0.4700790500889222,
            "min": 0.40741611768802005,
            "max": 0.6629967528084914,
            "count": 15
        },
        "MoveToTarget.Policy.GAILGradMagLoss.mean": {
            "value": 0.12924917647615075,
            "min": 0.12737526278942823,
            "max": 0.44260447441289824,
            "count": 15
        },
        "MoveToTarget.Policy.GAILGradMagLoss.sum": {
            "value": 0.12924917647615075,
            "min": 0.12737526278942823,
            "max": 0.44260447441289824,
            "count": 15
        },
        "MoveToTarget.Losses.PretrainingLoss.mean": {
            "value": 0.017501341179013252,
            "min": 0.017501341179013252,
            "max": 0.07881698260704677,
            "count": 15
        },
        "MoveToTarget.Losses.PretrainingLoss.sum": {
            "value": 0.017501341179013252,
            "min": 0.017501341179013252,
            "max": 0.07881698260704677,
            "count": 15
        }
    },
    "metadata": {
        "timer_format_version": "0.1.0",
        "start_time_seconds": "1732120680",
        "python_version": "3.10.11 (tags/v3.10.11:7d4cc5a, Apr  5 2023, 00:38:17) [MSC v.1929 64 bit (AMD64)]",
        "command_line_arguments": "C:\\Users\\tamas\\Desktop\\TeachAi\\venv\\Scripts\\mlagents-learn config/MoveToGoal.yaml --initialize-from=MoveToGoal52 --run-id=MoveToGoal53",
        "mlagents_version": "1.1.0",
        "mlagents_envs_version": "1.1.0",