{
    "name": "root",
    "gauges": {
        "MoveToTarget.Policy.Entropy.mean": {
            "value": 0.01256544329226017,
            "min": 0.0020672709215432405,
            "max": 0.0743832215666771,
            "count": 117
        },
        "MoveToTarget.Policy.Entropy.sum": {
            "value": 3.819894790649414,
            "min": 0.2646106779575348,
            "max": 139.18994140625,
            "count": 117
        },
        "MoveToTarget.Step.mean": {
            "value": 130927.0,
            "min": 896.0,
            "max": 130927.0,
            "count": 131
        },
        "MoveToTarget.Step.sum": {
            "value": 130927.0,
            "min": 896.0,
            "max": 130927.0,
            "count": 131
        },
        "MoveToTarget.Policy.ExtrinsicValueEstimate.mean": {
            "value": 44.05393600463867,
            "min": -22.410961151123047,
            "max": 66.52877044677734,
            "count": 131
        },
        "MoveToTarget.Policy.ExtrinsicValueEstimate.sum": {
            "value": 396.48541259765625,
            "min": -367.0589599609375,
            "max": 532.2301635742188,
            "count": 131
        },
        "MoveToTarget.Policy.GailValueEstimate.mean": {
            "value": 33.35466384887695,
            "min": 14.015615463256836,
            "max": 36.677093505859375,
            "count": 131
        },
        "MoveToTarget.Policy.GailValueEstimate.sum": {
            "value": 300.1919860839844,
            "min": 104.8605728149414,
            "max": 500.6069641113281,
            "count": 131
        },
        "MoveToTarget.IsTraining.mean": {
            "value": 1.0,
            "min": 1.0,
            "max": 1.0,
            "count": 131
        },
        "MoveToTarget.IsTraining.sum": {
            "value": 1.0,
            "min": 1.0,
            "max": 1.0,
            "count": 131
        },
        "MoveToTarget.Environment.EpisodeLength.mean": {
            "value": 1799.0,
            "min": 159.0,
            "max": 1800.0,
            "count": 34
        },
        "MoveToTarget.Environment.EpisodeLength.sum": {
            "value": 1799.0,
            "min": 159.0,
            "max": 21600.0,
            "count": 34
        },
        "MoveToTarget.Environment.CumulativeReward.mean": {
            "value": -72.0,
            "min": -72.0,
            "max": 3686.0,
            "count": 34
        },
        "MoveToTarget.Environment.CumulativeReward.sum": {
            "value": -72.0,
            "min": -120.0,
            "max": 3686.0,
            "count": 34
        },
        "MoveToTarget.Policy.ExtrinsicReward.mean": {
            "value": -72.0,
            "min": -72.0,
            "max": 3686.0,
            "count": 34
        },
        "MoveToTarget.Policy.ExtrinsicReward.sum": {
            "value": -72.0,
            "min": -120.0,
            "max": 3686.0,
            "count": 34
        },
        "MoveToTarget.Policy.GailReward.mean": {
            "value": 1312.895754814148,
            "min": 28.793978691101074,
            "max": 1312.895754814148,
            "count": 34
        },
        "MoveToTarget.Policy.GailReward.sum": {
            "value": 1312.895754814148,
            "min": 28.793978691101074,
            "max": 6890.176859498024,
            "count": 34
        },
        "MoveToTarget.Losses.PolicyLoss.mean": {
            "value": 0.012028323443397918,
            "min": 0.012028323443397918,
            "max": 0.012028323443397918,
            "count": 1
        },
        "MoveToTarget.Losses.PolicyLoss.sum": {
            "value": 0.012028323443397918,
            "min": 0.012028323443397918,
            "max": 0.012028323443397918,
            "count": 1
        },
        "MoveToTarget.Losses.ValueLoss.mean": {
            "value": 174.75885200500488,
            "min": 174.75885200500488,
            "max": 174.75885200500488,
            "count": 1
        },
        "MoveToTarget.Losses.ValueLoss.sum": {
            "value": 174.75885200500488,
            "min": 174.75885200500488,
            "max": 174.75885200500488,
            "count": 1
        },
        "MoveToTarget.Policy.LearningRate.mean": {
            "value": 0.0002803083065639,
            "min": 0.0002803083065639,
            "max": 0.0002803083065639,
            "count": 1
        },
        "MoveToTarget.Policy.LearningRate.sum": {
            "value": 0.0002803083065639,
            "min": 0.0002803083065639,
            "max": 0.0002803083065639,
            "count": 1
        },
        "MoveToTarget.Policy.Epsilon.mean": {
            "value": 0.1934361,
            "min": 0.1934361,
            "max": 0.1934361,
            "count": 1
        },
        "MoveToTarget.Policy.Epsilon.sum": {
            "value": 0.1934361,
            "min": 0.1934361,
            "max": 0.1934361,
            "count": 1
        },
        "MoveToTarget.Policy.Beta.mean": {
            "value": 0.00046783689000000003,
            "min": 0.00046783689000000003,
            "max": 0.00046783689000000003,
            "count": 1
        },
        "MoveToTarget.Policy.Beta.sum": {
            "value": 0.00046783689000000003,
            "min": 0.00046783689000000003,
            "max": 0.00046783689000000003,
            "count": 1
        },
        "MoveToTarget.Policy.GAILPolicyEstimate.mean": {
            "value": 0.20761245473598441,
            "min": 0.20761245473598441,
            "max": 0.20761245473598441,
            "count": 1
        },
        "MoveToTarget.Policy.GAILPolicyEstimate.sum": {
            "value": 0.20761245473598441,
            "min": 0.20761245473598441,
            "max": 0.20761245473598441,
            "count": 1
        },
        "MoveToTarget.Policy.GAILExpertEstimate.mean": {
            "value": 0.8757105941573778,
            "min": 0.8757105941573778,
            "max": 0.8757105941573778,
            "count": 1
        },
        "MoveToTarget.Policy.GAILExpertEstimate.sum": {
            "value": 0.8757105941573778,
            "min": 0.8757105941573778,
            "max": 0.8757105941573778,
            "count": 1
        },
        "MoveToTarget.Losses.GAILLoss.mean": {
            "value": 0.4153546566764514,
            "min": 0.4153546566764514,
            "max": 0.4153546566764514,
            "count": 1
        },
        "MoveToTarget.Losses.GAILLoss.sum": {
            "value": 0.4153546566764514,
            "min": 0.4153546566764514,
            "max": 0.4153546566764514,
            "count": 1
        },
        "MoveToTarget.Policy.GAILGradMagLoss.mean": {
            "value": 0.2902513307829698,
            "min": 0.2902513307829698,
            "max": 0.2902513307829698,
            "count": 1
        },
        "MoveToTarget.Policy.GAILGradMagLoss.sum": {
            "value": 0.2902513307829698,
            "min": 0.2902513307829698,
            "max": 0.2902513307829698,
            "count": 1
        },
        "MoveToTarget.Losses.PretrainingLoss.mean": {
            "value": 0.042530735954642296,
            "min": 0.042530735954642296,
            "max": 0.042530735954642296,
            "count": 1
        },
        "MoveToTarget.Losses.PretrainingLoss.sum": {
            "value": 0.042530735954642296,
            "min": 0.042530735954642296,
            "max": 0.042530735954642296,
            "count": 1
        }
    },
    "metadata": {
        "timer_format_version": "0.1.0",
        "start_time_seconds": "1732103319",
        "python_version": "3.10.11 (tags/v3.10.11:7d4cc5a, Apr  5 2023, 00:38:17) [MSC v.1929 64 bit (AMD64)]",
        "command_line_arguments": "C:\\Users\\tamas\\Desktop\\TeachAi\\venv\\Scripts\\mlagents-learn config/MoveToGoal.yaml --initialize-from=MoveToGoal42 --run-id=MoveToGoal43",
        "mlagents_version": "1.1.0",
        "mlagents_envs_version": "1.1.0",
        "communication_protocol_version": "1.5.0",
        "pytorch_version": "2.5.1+cpu",