{
    "name": "root",
    "gauges": {
        "MoveToTarget.Policy.Entropy.mean": {
            "value": 0.0568142794072628,
            "min": 0.012550889514386654,
            "max": 0.10099441558122635,
            "count": 993
        },
        "MoveToTarget.Policy.Entropy.sum": {
            "value": 31.815996170043945,
            "min": 4.028634071350098,
            "max": 256.9746398925781,
            "count": 993
        },
        "MoveToTarget.Step.mean": {
            "value": 999990.0,
            "min": 896.0,
            "max": 999990.0,
            "count": 1000
        },
        "MoveToTarget.Step.sum": {
            "value": 999990.0,
            "min": 896.0,
            "max": 999990.0,
            "count": 1000
        },
        "MoveToTarget.Policy.ExtrinsicValueEstimate.mean": {
            "value": 48.715274810791016,
            "min": -13.212925910949707,
            "max": 223.07843017578125,
            "count": 1000
        },
        "MoveToTarget.Policy.ExtrinsicValueEstimate.sum": {
            "value": 389.7221984863281,
            "min": -105.70340728759766,
            "max": 2007.705810546875,
            "count": 1000
        },
        "MoveToTarget.Policy.GailValueEstimate.mean": {
            "value": 7.348947525024414,
            "min": 4.332278251647949,
            "max": 16.896821975708008,
            "count": 1000
        },
        "MoveToTarget.Policy.GailValueEstimate.sum": {
            "value": 58.79158020019531,
            "min": 30.325946807861328,
            "max": 152.9408721923828,
            "count": 1000
        },
        "MoveToTarget.IsTraining.mean": {
            "value": 1.0,
            "min": 1.0,
            "max": 1.0,
            "count": 1000
        },
        "MoveToTarget.IsTraining.sum": {
            "value": 1.0,
            "min": 1.0,
            "max": 1.0,
            "count": 1000
        },
        "MoveToTarget.Environment.EpisodeLength.mean": {
            "value": 596.0,
            "min": 139.0,
            "max": 2000.0,
            "count": 522
        },
        "MoveToTarget.Environment.EpisodeLength.sum": {
            "value": 596.0,
            "min": 139.0,
            "max": 20000.0,
            "count": 522
        },
        "MoveToTarget.Environment.CumulativeReward.mean": {
            "value": 549.0,
            "min": -900.0,
            "max": 7887.0,
            "count": 527
        },
        "MoveToTarget.Environment.CumulativeReward.sum": {
            "value": 549.0,
            "min": -944.0,
            "max": 8647.0,
            "count": 527
        },
        "MoveToTarget.Policy.ExtrinsicReward.mean": {
            "value": 549.0,
            "min": -900.0,
            "max": 7887.0,
            "count": 527
        },
        "MoveToTarget.Policy.ExtrinsicReward.sum": {
            "value": 549.0,
            "min": -944.0,
            "max": 8647.0,
            "count": 527
        },
        "MoveToTarget.Policy.GailReward.mean": {
            "value": 140.6730833053589,
            "min": 4.909706234931946,
            "max": 604.2577056884766,
            "count": 527
        },
        "MoveToTarget.Policy.GailReward.sum": {
            "value": 140.6730833053589,
            "min": 4.909706234931946,
            "max": 1584.8352725505829,
            "count": 527
        },
        "MoveToTarget.Losses.PolicyLoss.mean": {
            "value": 0.011205186697225145,
            "min": 0.01010384922119556,
            "max": 0.014514575178812569,
            "count": 15
        },
        "MoveToTarget.Losses.PolicyLoss.sum": {
            "value": 0.011205186697225145,
            "min": 0.01010384922119556,
            "max": 0.014514575178812569,
            "count": 15
        },
        "MoveToTarget.Losses.ValueLoss.mean": {
            "value": 828.5508906046549,
            "min": 338.8232199350993,
            "max": 970.1269747416178,
            "count": 15
        },
        "MoveToTarget.Losses.ValueLoss.sum": {
            "value": 828.5508906046549,
            "min": 338.8232199350993,
            "max": 970.1269747416178,
            "count": 15
        },
        "MoveToTarget.Policy.LearningRate.mean": {
            "value": 4.834898388400006e-06,
            "min": 4.834898388400006e-06,
            "max": 0.0002803134065622,
            "count": 15
        },
        "MoveToTarget.Policy.LearningRate.sum": {
            "value": 4.834898388400006e-06,
            "min": 4.834898388400006e-06,
            "max": 0.0002803134065622,
            "count": 15
        },
        "MoveToTarget.Policy.Epsilon.mean": {
            "value": 0.10161160000000001,
            "min": 0.10161160000000001,
            "max": 0.19343780000000002,
            "count": 15
        },
        "MoveToTarget.Policy.Epsilon.sum": {
            "value": 0.10161160000000001,
            "min": 0.10161160000000001,
            "max": 0.19343780000000002,
            "count": 15
        },
        "MoveToTarget.Policy.Beta.mean": {
            "value": 1.789684000000001e-05,
            "min": 1.789684000000001e-05,
            "max": 0.0004678452200000001,
            "count": 15
        },
        "MoveToTarget.Policy.Beta.sum": {
            "value": 1.789684000000001e-05,
            "min": 1.789684000000001e-05,
            "max": 0.0004678452200000001,
            "count": 15
        },
        "MoveToTarget.Policy.GAILPolicyEstimate.mean": {
            "value": 0.21021891571581364,
            "min": 0.1910255036006371,
            "max": 0.24709046306088567,
            "count": 15
        },
        "MoveToTarget.Policy.GAILPolicyEstimate.sum": {
            "value": 0.21021891571581364,
            "min": 0.1910255036006371,
            "max": 0.24709046306088567,
            "count": 15
        },
        "MoveToTarget.Policy.GAILExpertEstimate.mean": {
            "value": 0.8711173037687937,
            "min": 0.8495046701282263,
            "max": 0.890193679680427,
            "count": 15
        },
        "MoveToTarget.Policy.GAILExpertEstimate.sum": {
            "value": 0.8711173037687937,
            "min": 0.8495046701282263,
            "max": 0.890193679680427,
            "count": 15
        },
        "MoveToTarget.Losses.GAILLoss.mean": {
            "value": 0.4159008910258611,
            "min": 0.38013724858562153,
            "max": 0.5416198186576366,
            "count": 15
        },
        "MoveToTarget.Losses.GAILLoss.sum": {
            "value": 0.4159008910258611,
            "min": 0.38013724858562153,
            "max": 0.5416198186576366,
            "count": 15
        },
        "MoveToTarget.Policy.GAILGradMagLoss.mean": {
            "value": 0.12182074397181471,
            "min": 0.10757496471827228,
            "max": 0.4790148747464021,
            "count": 15
        },
        "MoveToTarget.Policy.GAILGradMagLoss.sum": {
            "value": 0.12182074397181471,
            "min": 0.10757496471827228,
            "max": 0.4790148747464021,
            "count": 15
        },
        "MoveToTarget.Losses.PretrainingLoss.mean": {
            "value": 0.016490290872752666,
            "min": 0.016490290872752666,
            "max": 0.024674242983261745,
            "count": 15
        },
        "MoveToTarget.Losses.PretrainingLoss.sum": {
            "value": 0.016490290872752666,
            "min": 0.016490290872752666,
            "max": 0.024674242983261745,
            "count": 15
        }
    },
    "metadata": {
        "timer_format_version": "0.1.0",
        "start_time_seconds": "1732195819",
        "python_version": "3.10.11 (tags/v3.10.11:7d4cc5a, Apr  5 2023, 00:38:17) [MSC v.1929 64 bit (AMD64)]",
        "command_line_arguments": "C:\\Users\\Kriszti\\Desktop\\TeachAi\\venv\\Scripts\\mlagents-learn config/MoveToGoal.yaml --initialize-from=MoveToGoal61 --run-id=MoveToGoal62",
        "mlagents_version": "1.1.0",
        "mlagents_envs_version": "1.1.0",