{
    "name": "root",
    "gauges": {
        "MoveToTarget.Policy.Entropy.mean": {
            "value": 0.028948787599802017,
            "min": 0.006250145845115185,
            "max": 0.1281256079673767,
            "count": 953
        },
        "MoveToTarget.Policy.Entropy.sum": {
            "value": 47.707603454589844,
            "min": 2.9571585655212402,
            "max": 186.51522827148438,
            "count": 953
        },
        "MoveToTarget.Step.mean": {
            "value": 999998.0,
            "min": 896.0,
            "max": 999998.0,
            "count": 1000
        },
        "MoveToTarget.Step.sum": {
            "value": 999998.0,
            "min": 896.0,
            "max": 999998.0,
            "count": 1000
        },
        "MoveToTarget.Policy.ExtrinsicValueEstimate.mean": {
            "value": 0.4473135471343994,
            "min": -23.398239135742188,
            "max": 74.47640228271484,
            "count": 1000
        },
        "MoveToTarget.Policy.ExtrinsicValueEstimate.sum": {
            "value": 3.5785083770751953,
            "min": -197.518798828125,
            "max": 670.28759765625,
            "count": 1000
        },
        "MoveToTarget.Policy.GailValueEstimate.mean": {
            "value": 32.0576171875,
            "min": 12.323485374450684,
            "max": 40.74588394165039,
            "count": 1000
        },
        "MoveToTarget.Policy.GailValueEstimate.sum": {
            "value": 256.4609375,
            "min": 104.8642807006836,
            "max": 724.1978149414062,
            "count": 1000
        },
        "MoveToTarget.IsTraining.mean": {
            "value": 1.0,
            "min": 1.0,
            "max": 1.0,
            "count": 1000
        },
        "MoveToTarget.IsTraining.sum": {
            "value": 1.0,
            "min": 1.0,
            "max": 1.0,
            "count": 1000
        },
        "MoveToTarget.Environment.EpisodeLength.mean": {
            "value": 1799.0,
            "min": 113.0,
            "max": 1800.0,
            "count": 364
        },
        "MoveToTarget.Environment.EpisodeLength.sum": {
            "value": 1799.0,
            "min": 113.0,
            "max": 25200.0,
            "count": 364
        },
        "MoveToTarget.Environment.CumulativeReward.mean": {
            "value": 0.0,
            "min": -360.0,
            "max": 5163.0,
            "count": 367
        },
        "MoveToTarget.Environment.CumulativeReward.sum": {
            "value": 0.0,
            "min": -455.0,
            "max": 8270.0,
            "count": 367
        },
        "MoveToTarget.Policy.ExtrinsicReward.mean": {
            "value": 0.0,
            "min": -360.0,
            "max": 5163.0,
            "count": 367
        },
        "MoveToTarget.Policy.ExtrinsicReward.sum": {
            "value": 0.0,
            "min": -455.0,
            "max": 8270.0,
            "count": 367
        },
        "MoveToTarget.Policy.GailReward.mean": {
            "value": 604.4566138982773,
            "min": 43.74947261810303,
            "max": 1540.397539138794,
            "count": 367
        },
        "MoveToTarget.Policy.GailReward.sum": {
            "value": 604.4566138982773,
            "min": 43.74947261810303,
            "max": 8214.868972539902,
            "count": 367
        },
        "MoveToTarget.Losses.PolicyLoss.mean": {
            "value": 0.012419160885959476,
            "min": 0.009925483065368704,
            "max": 0.013581068765082213,
            "count": 15
        },
        "MoveToTarget.Losses.PolicyLoss.sum": {
            "value": 0.012419160885959476,
            "min": 0.009925483065368704,
            "max": 0.013581068765082213,
            "count": 15
        },
        "MoveToTarget.Losses.ValueLoss.mean": {
            "value": 136.6644991238912,
            "min": 55.381879806518555,
            "max": 486.26554616292316,
            "count": 15
        },
        "MoveToTarget.Losses.ValueLoss.sum": {
            "value": 136.6644991238912,
            "min": 55.381879806518555,
            "max": 486.26554616292316,
            "count": 15
        },
        "MoveToTarget.Policy.LearningRate.mean": {
            "value": 4.391198536300003e-06,
            "min": 4.391198536300003e-06,
            "max": 0.00028030350656549997,
            "count": 15
        },
        "MoveToTarget.Policy.LearningRate.sum": {
            "value": 4.391198536300003e-06,
            "min": 4.391198536300003e-06,
            "max": 0.00028030350656549997,
            "count": 15
        },
        "MoveToTarget.Policy.Epsilon.mean": {
            "value": 0.1014637,
            "min": 0.1014637,
            "max": 0.19343449999999998,
            "count": 15
        },
        "MoveToTarget.Policy.Epsilon.sum": {
            "value": 0.1014637,
            "min": 0.1014637,
            "max": 0.19343449999999998,
            "count": 15
        },
        "MoveToTarget.Policy.Beta.mean": {
            "value": 1.7172130000000003e-05,
            "min": 1.7172130000000003e-05,
            "max": 0.0004678290500000001,
            "count": 15
        },
        "MoveToTarget.Policy.Beta.sum": {
            "value": 1.7172130000000003e-05,
            "min": 1.7172130000000003e-05,
            "max": 0.0004678290500000001,
            "count": 15
        },
        "MoveToTarget.Policy.GAILPolicyEstimate.mean": {
            "value": 0.18818162195384502,
            "min": 0.18379201646894217,
            "max": 0.24353506307428083,
            "count": 15
        },
        "MoveToTarget.Policy.GAILPolicyEstimate.sum": {
            "value": 0.18818162195384502,
            "min": 0.18379201646894217,
            "max": 0.24353506307428083,
            "count": 15
        },
        "MoveToTarget.Policy.GAILExpertEstimate.mean": {
            "value": 0.8643990370134512,
            "min": 0.8392202258110046,
            "max": 0.8715377673506737,
            "count": 15
        },
        "MoveToTarget.Policy.GAILExpertEstimate.sum": {
            "value": 0.8643990370134512,
            "min": 0.8392202258110046,
            "max": 0.8715377673506737,
            "count": 15
        },
        "MoveToTarget.Losses.GAILLoss.mean": {
            "value": 0.38895816045502823,
            "min": 0.37976067575315636,
            "max": 0.5141540312518676,
            "count": 15
        },
        "MoveToTarget.Losses.GAILLoss.sum": {
            "value": 0.38895816045502823,
            "min": 0.37976067575315636,
            "max": 0.5141540312518676,
            "count": 15
        },
        "MoveToTarget.Policy.GAILGradMagLoss.mean": {
            "value": 0.138354590938737,
            "min": 0.12738590439160666,
            "max": 0.36301677487790585,
            "count": 15
        },
        "MoveToTarget.Policy.GAILGradMagLoss.sum": {
            "value": 0.138354590938737,
            "min": 0.12738590439160666,
            "max": 0.36301677487790585,
            "count": 15
        },
        "MoveToTarget.Losses.PretrainingLoss.mean": {
            "value": 0.013766770561536154,
            "min": 0.013766770561536154,
            "max": 0.025894587859511375,
            "count": 15
        },
        "MoveToTarget.Losses.PretrainingLoss.sum": {
            "value": 0.013766770561536154,
            "min": 0.013766770561536154,
            "max": 0.025894587859511375,
            "count": 15
        }
    },
    "metadata": {
        "timer_format_version": "0.1.0",
        "start_time_seconds": "1732101695",
        "python_version": "3.10.11 (tags/v3.10.11:7d4cc5a, Apr  5 2023, 00:38:17) [MSC v.1929 64 bit (AMD64)]",
        "command_line_arguments": "C:\\Users\\tamas\\Desktop\\TeachAi\\venv\\Scripts\\mlagents-learn config/MoveToGoal.yaml --initialize-from=MoveToGoal41 --run-id=MoveToGoal42",
        "mlagents_version": "1.1.0",
        "mlagents_envs_version": "1.1.0",
        "communication_protocol_version": "1.5.0",