{
    "name": "root",
    "gauges": {
        "MoveToTarget.Policy.Entropy.mean": {
            "value": 0.09640899300575256,
            "min": 0.03000776283442974,
            "max": 0.2814256548881531,
            "count": 994
        },
        "MoveToTarget.Policy.Entropy.sum": {
            "value": 52.060855865478516,
            "min": 11.334742546081543,
            "max": 391.6960754394531,
            "count": 994
        },
        "MoveToTarget.Step.mean": {
            "value": 999874.0,
            "min": 896.0,
            "max": 999874.0,
            "count": 1000
        },
        "MoveToTarget.Step.sum": {
            "value": 999874.0,
            "min": 896.0,
            "max": 999874.0,
            "count": 1000
        },
        "MoveToTarget.Policy.ExtrinsicValueEstimate.mean": {
            "value": 22.928314208984375,
            "min": -15.952065467834473,
            "max": 150.25228881835938,
            "count": 1000
        },
        "MoveToTarget.Policy.ExtrinsicValueEstimate.sum": {
            "value": 160.49819946289062,
            "min": -127.61652374267578,
            "max": 1371.3282470703125,
            "count": 1000
        },
        "MoveToTarget.Policy.GailValueEstimate.mean": {
            "value": 17.689119338989258,
            "min": 12.952838897705078,
            "max": 38.19305419921875,
            "count": 1000
        },
        "MoveToTarget.Policy.GailValueEstimate.sum": {
            "value": 123.8238296508789,
            "min": 100.78104400634766,
            "max": 336.7440185546875,
            "count": 1000
        },
        "MoveToTarget.IsTraining.mean": {
            "value": 1.0,
            "min": 1.0,
            "max": 1.0,
            "count": 1000
        },
        "MoveToTarget.IsTraining.sum": {
            "value": 1.0,
            "min": 1.0,
            "max": 1.0,
            "count": 1000
        },
        "MoveToTarget.Environment.EpisodeLength.mean": {
            "value": 1854.0,
            "min": 126.0,
            "max": 3500.0,
            "count": 347
        },
        "MoveToTarget.Environment.EpisodeLength.sum": {
            "value": 3708.0,
            "min": 126.0,
            "max": 24500.0,
            "count": 347
        },
        "MoveToTarget.Environment.CumulativeReward.mean": {
            "value": 265.5,
            "min": -2330.0,
            "max": 5796.0,
            "count": 345
        },
        "MoveToTarget.Environment.CumulativeReward.sum": {
            "value": 531.0,
            "min": -2330.0,
            "max": 5796.0,
            "count": 345
        },
        "MoveToTarget.Policy.ExtrinsicReward.mean": {
            "value": 265.5,
            "min": -2330.0,
            "max": 5796.0,
            "count": 345
        },
        "MoveToTarget.Policy.ExtrinsicReward.sum": {
            "value": 531.0,
            "min": -2330.0,
            "max": 5796.0,
            "count": 345
        },
        "MoveToTarget.Policy.GailReward.mean": {
            "value": 300.552766084671,
            "min": 7.4895623326301575,
            "max": 2185.9640216827393,
            "count": 345
        },
        "MoveToTarget.Policy.GailReward.sum": {
            "value": 601.105532169342,
            "min": 7.4895623326301575,
            "max": 4008.0710537433624,
            "count": 345
        },
        "MoveToTarget.Losses.PolicyLoss.mean": {
            "value": 0.012067813083679843,
            "min": 0.008823366131158158,
            "max": 0.013898781066018273,
            "count": 15
        },
        "MoveToTarget.Losses.PolicyLoss.sum": {
            "value": 0.012067813083679843,
            "min": 0.008823366131158158,
            "max": 0.013898781066018273,
            "count": 15
        },
        "MoveToTarget.Losses.ValueLoss.mean": {
            "value": 416.2469139099121,
            "min": 199.74608580271402,
            "max": 616.8279005686442,
            "count": 15
        },
        "MoveToTarget.Losses.ValueLoss.sum": {
            "value": 416.2469139099121,
            "min": 199.74608580271402,
            "max": 616.8279005686442,
            "count": 15
        },
        "MoveToTarget.Policy.LearningRate.mean": {
            "value": 4.717898427400004e-06,
            "min": 4.717898427400004e-06,
            "max": 0.00028031490656169994,
            "count": 15
        },
        "MoveToTarget.Policy.LearningRate.sum": {
            "value": 4.717898427400004e-06,
            "min": 4.717898427400004e-06,
            "max": 0.00028031490656169994,
            "count": 15
        },
        "MoveToTarget.Policy.Epsilon.mean": {
            "value": 0.10157260000000001,
            "min": 0.10157260000000001,
            "max": 0.19343829999999998,
            "count": 15
        },
        "MoveToTarget.Policy.Epsilon.sum": {
            "value": 0.10157260000000001,
            "min": 0.10157260000000001,
            "max": 0.19343829999999998,
            "count": 15
        },
        "MoveToTarget.Policy.Beta.mean": {
            "value": 1.770574000000001e-05,
            "min": 1.770574000000001e-05,
            "max": 0.00046784766999999995,
            "count": 15
        },
        "MoveToTarget.Policy.Beta.sum": {
            "value": 1.770574000000001e-05,
            "min": 1.770574000000001e-05,
            "max": 0.00046784766999999995,
            "count": 15
        },
        "MoveToTarget.Policy.GAILPolicyEstimate.mean": {
            "value": 0.1944556056211392,
            "min": 0.17976999003440142,
            "max": 0.23731007209668556,
            "count": 15
        },
        "MoveToTarget.Policy.GAILPolicyEstimate.sum": {
            "value": 0.1944556056211392,
            "min": 0.17976999003440142,
            "max": 0.23731007209668556,
            "count": 15
        },
        "MoveToTarget.Policy.GAILExpertEstimate.mean": {
            "value": 0.8839423172175884,
            "min": 0.843010009576877,
            "max": 0.894633902857701,
            "count": 15
        },
        "MoveToTarget.Policy.GAILExpertEstimate.sum": {
            "value": 0.8839423172175884,
            "min": 0.843010009576877,
            "max": 0.894633902857701,
            "count": 15
        },
        "MoveToTarget.Losses.GAILLoss.mean": {
            "value": 0.3696230836212635,
            "min": 0.3337349612265825,
            "max": 0.48957364447414875,
            "count": 15
        },
        "MoveToTarget.Losses.GAILLoss.sum": {
            "value": 0.3696230836212635,
            "min": 0.3337349612265825,
            "max": 0.48957364447414875,
            "count": 15
        },
        "MoveToTarget.Policy.GAILGradMagLoss.mean": {
            "value": 0.12641009641811252,
            "min": 0.12571803837393722,
            "max": 0.2902367040514946,
            "count": 15
        },
        "MoveToTarget.Policy.GAILGradMagLoss.sum": {
            "value": 0.12641009641811252,
            "min": 0.12571803837393722,
            "max": 0.2902367040514946,
            "count": 15
        },
        "MoveToTarget.Losses.PretrainingLoss.mean": {
            "value": 0.01686791020135085,
            "min": 0.01638825548191865,
            "max": 0.10972218215465546,
            "count": 15
        },
        "MoveToTarget.Losses.PretrainingLoss.sum": {
            "value": 0.01686791020135085,
            "min": 0.01638825548191865,
            "max": 0.10972218215465546,
            "count": 15
        }
    },
    "metadata": {
        "timer_format_version": "0.1.0",
        "start_time_seconds": "1732121885",
        "python_version": "3.10.11 (tags/v3.10.11:7d4cc5a, Apr  5 2023, 00:38:17) [MSC v.1929 64 bit (AMD64)]",
        "command_line_arguments": "C:\\Users\\tamas\\Desktop\\TeachAi\\venv\\Scripts\\mlagents-learn config/MoveToGoal.yaml --initialize-from=MoveToGoal53 --run-id=MoveToGoal54",
        "mlagents_version": "1.1.0",
        "mlagents_envs_version": "1.1.0",