{
    "name": "root",
    "gauges": {
        "MoveToTarget.Policy.Entropy.mean": {
            "value": 0.13155677914619446,
            "min": 0.10035386681556702,
            "max": 0.3145162761211395,
            "count": 548
        },
        "MoveToTarget.Policy.Entropy.sum": {
            "value": 269.42828369140625,
            "min": 1.9189788103103638,
            "max": 644.1293334960938,
            "count": 548
        },
        "MoveToTarget.Step.mean": {
            "value": 992914.0,
            "min": 896.0,
            "max": 992914.0,
            "count": 993
        },
        "MoveToTarget.Step.sum": {
            "value": 992914.0,
            "min": 896.0,
            "max": 992914.0,
            "count": 993
        },
        "MoveToTarget.Policy.ExtrinsicValueEstimate.mean": {
            "value": 4.757540702819824,
            "min": -0.7284279465675354,
            "max": 11.725675582885742,
            "count": 993
        },
        "MoveToTarget.Policy.ExtrinsicValueEstimate.sum": {
            "value": 38.060325622558594,
            "min": -5.827423572540283,
            "max": 100.15771484375,
            "count": 993
        },
        "MoveToTarget.Policy.GailValueEstimate.mean": {
            "value": 10.685686111450195,
            "min": 9.844233512878418,
            "max": 16.625621795654297,
            "count": 993
        },
        "MoveToTarget.Policy.GailValueEstimate.sum": {
            "value": 85.48548889160156,
            "min": 71.81784057617188,
            "max": 149.63059997558594,
            "count": 993
        },
        "MoveToTarget.IsTraining.mean": {
            "value": 1.0,
            "min": 1.0,
            "max": 1.0,
            "count": 993
        },
        "MoveToTarget.IsTraining.sum": {
            "value": 1.0,
            "min": 1.0,
            "max": 1.0,
            "count": 993
        },
        "MoveToTarget.Environment.EpisodeLength.mean": {
            "value": 1109.0,
            "min": 436.0,
            "max": 7356.0,
            "count": 15
        },
        "MoveToTarget.Environment.EpisodeLength.sum": {
            "value": 1109.0,
            "min": 436.0,
            "max": 7356.0,
            "count": 15
        },
        "MoveToTarget.Environment.CumulativeReward.mean": {
            "value": 950.5,
            "min": 576.5,
            "max": 8386.0,
            "count": 15
        },
        "MoveToTarget.Environment.CumulativeReward.sum": {
            "value": 950.5,
            "min": 576.5,
            "max": 8386.0,
            "count": 15
        },
        "MoveToTarget.Policy.ExtrinsicReward.mean": {
            "value": 950.5,
            "min": 576.5,
            "max": 8386.0,
            "count": 15
        },
        "MoveToTarget.Policy.ExtrinsicReward.sum": {
            "value": 950.5,
            "min": 576.5,
            "max": 8386.0,
            "count": 15
        },
        "MoveToTarget.Policy.GailReward.mean": {
            "value": 175.02813243865967,
            "min": 118.64731025695801,
            "max": 1427.3723936080933,
            "count": 15
        },
        "MoveToTarget.Policy.GailReward.sum": {
            "value": 175.02813243865967,
            "min": 118.64731025695801,
            "max": 1427.3723936080933,
            "count": 15
        },
        "MoveToTarget.Losses.PolicyLoss.mean": {
            "value": 0.010190088837437846,
            "min": 0.010158145317594366,
            "max": 0.014126820843860818,
            "count": 14
        },
        "MoveToTarget.Losses.PolicyLoss.sum": {
            "value": 0.010190088837437846,
            "min": 0.010158145317594366,
            "max": 0.014126820843860818,
            "count": 14
        },
        "MoveToTarget.Losses.ValueLoss.mean": {
            "value": 77.40672039985657,
            "min": 27.343481560548145,
            "max": 238.87909030914307,
            "count": 14
        },
        "MoveToTarget.Losses.ValueLoss.sum": {
            "value": 77.40672039985657,
            "min": 27.343481560548145,
            "max": 238.87909030914307,
            "count": 14
        },
        "MoveToTarget.Policy.LearningRate.mean": {
            "value": 2.1709892763400013e-05,
            "min": 2.1709892763400013e-05,
            "max": 0.00028032330655890003,
            "count": 14
        },
        "MoveToTarget.Policy.LearningRate.sum": {
            "value": 2.1709892763400013e-05,
            "min": 2.1709892763400013e-05,
            "max": 0.00028032330655890003,
            "count": 14
        },
        "MoveToTarget.Policy.Epsilon.mean": {
            "value": 0.10723660000000002,
            "min": 0.10723660000000002,
            "max": 0.1934411,
            "count": 14
        },
        "MoveToTarget.Policy.Epsilon.sum": {
            "value": 0.10723660000000002,
            "min": 0.10723660000000002,
            "max": 0.1934411,
            "count": 14
        },
        "MoveToTarget.Policy.Beta.mean": {
            "value": 4.545934000000002e-05,
            "min": 4.545934000000002e-05,
            "max": 0.00046786139,
            "count": 14
        },
        "MoveToTarget.Policy.Beta.sum": {
            "value": 4.545934000000002e-05,
            "min": 4.545934000000002e-05,
            "max": 0.00046786139,
            "count": 14
        },
        "MoveToTarget.Policy.GAILPolicyEstimate.mean": {
            "value": 0.18866473777840534,
            "min": 0.18866473777840534,
            "max": 0.24925941849748293,
            "count": 14
        },
        "MoveToTarget.Policy.GAILPolicyEstimate.sum": {
            "value": 0.18866473777840534,
            "min": 0.18866473777840534,
            "max": 0.24925941849748293,
            "count": 14
        },
        "MoveToTarget.Policy.GAILExpertEstimate.mean": {
            "value": 0.8731928877532482,
            "min": 0.8451007008552551,
            "max": 0.8743520478407542,
            "count": 14
        },
        "MoveToTarget.Policy.GAILExpertEstimate.sum": {
            "value": 0.8731928877532482,
            "min": 0.8451007008552551,
            "max": 0.8743520478407542,
            "count": 14
        },
        "MoveToTarget.Losses.GAILLoss.mean": {
            "value": 0.3753497072805961,
            "min": 0.3753497072805961,
            "max": 0.5022651770462593,
            "count": 14
        },
        "MoveToTarget.Losses.GAILLoss.sum": {
            "value": 0.3753497072805961,
            "min": 0.3753497072805961,
            "max": 0.5022651770462593,
            "count": 14
        },
        "MoveToTarget.Policy.GAILGradMagLoss.mean": {
            "value": 0.12480745759482186,
            "min": 0.12480745759482186,
            "max": 0.32701668003574014,
            "count": 14
        },
        "MoveToTarget.Policy.GAILGradMagLoss.sum": {
            "value": 0.12480745759482186,
            "min": 0.12480745759482186,
            "max": 0.32701668003574014,
            "count": 14
        },
        "MoveToTarget.Losses.PretrainingLoss.mean": {
            "value": 0.02826835649708907,
            "min": 0.02530141981939475,
            "max": 0.03194336655239264,
            "count": 14
        },
        "MoveToTarget.Losses.PretrainingLoss.sum": {
            "value": 0.02826835649708907,
            "min": 0.02530141981939475,
            "max": 0.03194336655239264,
            "count": 14
        }
    },
    "metadata": {
        "timer_format_version": "0.1.0",
        "start_time_seconds": "1731959133",
        "python_version": "3.10.11 (tags/v3.10.11:7d4cc5a, Apr  5 2023, 00:38:17) [MSC v.1929 64 bit (AMD64)]",
        "command_line_arguments": "C:\\Users\\Kriszti\\Desktop\\TeachAi\\venv\\Scripts\\mlagents-learn config/MoveToGoal.yaml --initialize-from=MoveToGoal28 --run-id=MoveToGoal29",
        "mlagents_version": "1.1.0",
        "mlagents_envs_version": "1.1.0",
        "communication_protocol_version": "1.5.0",