{
    "name": "root",
    "gauges": {
        "MoveToTarget.Policy.Entropy.mean": {
            "value": 0.056525904685258865,
            "min": 0.016804015263915062,
            "max": 0.19813308119773865,
            "count": 855
        },
        "MoveToTarget.Policy.Entropy.sum": {
            "value": 58.78694152832031,
            "min": 0.3806303143501282,
            "max": 405.77655029296875,
            "count": 855
        },
        "MoveToTarget.Step.mean": {
            "value": 999906.0,
            "min": 896.0,
            "max": 999906.0,
            "count": 1000
        },
        "MoveToTarget.Step.sum": {
            "value": 999906.0,
            "min": 896.0,
            "max": 999906.0,
            "count": 1000
        },
        "MoveToTarget.Policy.ExtrinsicValueEstimate.mean": {
            "value": 7.664968013763428,
            "min": -8.436145782470703,
            "max": 83.70268249511719,
            "count": 1000
        },
        "MoveToTarget.Policy.ExtrinsicValueEstimate.sum": {
            "value": 68.98471069335938,
            "min": -119.3244400024414,
            "max": 1004.4321899414062,
            "count": 1000
        },
        "MoveToTarget.Policy.GailValueEstimate.mean": {
            "value": 31.64455795288086,
            "min": 19.354997634887695,
            "max": 50.94114685058594,
            "count": 1000
        },
        "MoveToTarget.Policy.GailValueEstimate.sum": {
            "value": 284.801025390625,
            "min": 156.78167724609375,
            "max": 871.0420532226562,
            "count": 1000
        },
        "MoveToTarget.IsTraining.mean": {
            "value": 1.0,
            "min": 1.0,
            "max": 1.0,
            "count": 1000
        },
        "MoveToTarget.IsTraining.sum": {
            "value": 1.0,
            "min": 1.0,
            "max": 1.0,
            "count": 1000
        },
        "MoveToTarget.Environment.EpisodeLength.mean": {
            "value": 1799.0,
            "min": 139.0,
            "max": 1800.0,
            "count": 279
        },
        "MoveToTarget.Environment.EpisodeLength.sum": {
            "value": 1799.0,
            "min": 139.0,
            "max": 27000.0,
            "count": 279
        },
        "MoveToTarget.Environment.CumulativeReward.mean": {
            "value": 0.0,
            "min": -380.0,
            "max": 8037.0,
            "count": 279
        },
        "MoveToTarget.Environment.CumulativeReward.sum": {
            "value": 0.0,
            "min": -1595.0,
            "max": 9178.0,
            "count": 279
        },
        "MoveToTarget.Policy.ExtrinsicReward.mean": {
            "value": 0.0,
            "min": -380.0,
            "max": 8037.0,
            "count": 279
        },
        "MoveToTarget.Policy.ExtrinsicReward.sum": {
            "value": 0.0,
            "min": -1595.0,
            "max": 9178.0,
            "count": 279
        },
        "MoveToTarget.Policy.GailReward.mean": {
            "value": 556.7479130029678,
            "min": 70.04941773414612,
            "max": 2666.3235807418823,
            "count": 279
        },
        "MoveToTarget.Policy.GailReward.sum": {
            "value": 556.7479130029678,
            "min": 70.04941773414612,
            "max": 23951.93893778324,
            "count": 279
        },
        "MoveToTarget.Losses.PolicyLoss.mean": {
            "value": 0.009924666019287542,
            "min": 0.009924666019287542,
            "max": 0.015001376208905034,
            "count": 15
        },
        "MoveToTarget.Losses.PolicyLoss.sum": {
            "value": 0.009924666019287542,
            "min": 0.009924666019287542,
            "max": 0.015001376208905034,
            "count": 15
        },
        "MoveToTarget.Losses.ValueLoss.mean": {
            "value": 235.8461586634318,
            "min": 44.09255822499593,
            "max": 1209.7316487630208,
            "count": 15
        },
        "MoveToTarget.Losses.ValueLoss.sum": {
            "value": 235.8461586634318,
            "min": 44.09255822499593,
            "max": 1209.7316487630208,
            "count": 15
        },
        "MoveToTarget.Policy.LearningRate.mean": {
            "value": 4.297598567500011e-06,
            "min": 4.297598567500011e-06,
            "max": 0.00028025970658009997,
            "count": 15
        },
        "MoveToTarget.Policy.LearningRate.sum": {
            "value": 4.297598567500011e-06,
            "min": 4.297598567500011e-06,
            "max": 0.00028025970658009997,
            "count": 15
        },
        "MoveToTarget.Policy.Epsilon.mean": {
            "value": 0.10143250000000002,
            "min": 0.10143250000000002,
            "max": 0.1934199,
            "count": 15
        },
        "MoveToTarget.Policy.Epsilon.sum": {
            "value": 0.10143250000000002,
            "min": 0.10143250000000002,
            "max": 0.1934199,
            "count": 15
        },
        "MoveToTarget.Policy.Beta.mean": {
            "value": 1.7019250000000015e-05,
            "min": 1.7019250000000015e-05,
            "max": 0.00046775751000000004,
            "count": 15
        },
        "MoveToTarget.Policy.Beta.sum": {
            "value": 1.7019250000000015e-05,
            "min": 1.7019250000000015e-05,
            "max": 0.00046775751000000004,
            "count": 15
        },
        "MoveToTarget.Policy.GAILPolicyEstimate.mean": {
            "value": 0.2737728947152694,
            "min": 0.25161171487222117,
            "max": 0.32071008905768394,
            "count": 15
        },
        "MoveToTarget.Policy.GAILPolicyEstimate.sum": {
            "value": 0.2737728947152694,
            "min": 0.25161171487222117,
            "max": 0.32071008905768394,
            "count": 15
        },
        "MoveToTarget.Policy.GAILExpertEstimate.mean": {
            "value": 0.81163248543938,
            "min": 0.7984113755325476,
            "max": 0.8271093827982744,
            "count": 15
        },
        "MoveToTarget.Policy.GAILExpertEstimate.sum": {
            "value": 0.81163248543938,
            "min": 0.7984113755325476,
            "max": 0.8271093827982744,
            "count": 15
        },
        "MoveToTarget.Losses.GAILLoss.mean": {
            "value": 0.5772070698440075,
            "min": 0.5374946283797423,
            "max": 0.7279131623605887,
            "count": 15
        },
        "MoveToTarget.Losses.GAILLoss.sum": {
            "value": 0.5772070698440075,
            "min": 0.5374946283797423,
            "max": 0.7279131623605887,
            "count": 15
        },
        "MoveToTarget.Policy.GAILGradMagLoss.mean": {
            "value": 0.12936258595436811,
            "min": 0.12799449761708578,
            "max": 0.5501352120190859,
            "count": 15
        },
        "MoveToTarget.Policy.GAILGradMagLoss.sum": {
            "value": 0.12936258595436811,
            "min": 0.12799449761708578,
            "max": 0.5501352120190859,
            "count": 15
        },
        "MoveToTarget.Losses.PretrainingLoss.mean": {
            "value": 0.024476407716671627,
            "min": 0.024476407716671627,
            "max": 0.03592647115389506,
            "count": 15
        },
        "MoveToTarget.Losses.PretrainingLoss.sum": {
            "value": 0.024476407716671627,
            "min": 0.024476407716671627,
            "max": 0.03592647115389506,
            "count": 15
        }
    },
    "metadata": {
        "timer_format_version": "0.1.0",
        "start_time_seconds": "1732104529",
        "python_version": "3.10.11 (tags/v3.10.11:7d4cc5a, Apr  5 2023, 00:38:17) [MSC v.1929 64 bit (AMD64)]",
        "command_line_arguments": "C:\\Users\\tamas\\Desktop\\TeachAi\\venv\\Scripts\\mlagents-learn config/MoveToGoal.yaml --initialize-from=MoveToGoal32 --run-id=MoveToGoal44",
        "mlagents_version": "1.1.0",
        "mlagents_envs_version": "1.1.0",